p,trial,rtt_svd_error,tt_svd_reference_error,excess_error,scaled_excess_error_1e6,seed
5,0,0.049971355379622356,0.049781484184581795,0.00018987119504056127,189.87119504056128,8500042
5,1,0.04992460149824409,0.049781484184581795,0.0001431173136622957,143.1173136622957,8500043
5,2,0.04983999266332459,0.049781484184581795,5.850847874279419e-05,58.50847874279419,8500044
5,3,0.050870171190501155,0.049781484184581795,0.0010886870059193601,1088.6870059193602,8500045
5,4,0.05011251929274081,0.049781484184581795,0.0003310351081590168,331.03510815901683,8500046
5,5,0.04987184920707815,0.049781484184581795,9.036502249635397e-05,90.36502249635397,8500047
5,6,0.050092859922361226,0.049781484184581795,0.00031137573777943045,311.37573777943044,8500048
5,7,0.051624694889304844,0.049781484184581795,0.0018432107047230487,1843.2107047230486,8500049
5,8,0.04987951304202645,0.049781484184581795,9.802885744465695e-05,98.02885744465695,8500050
5,9,0.0501485405281384,0.049781484184581795,0.0003670563435566043,367.0563435566043,8500051
5,10,0.0510803940175812,0.049781484184581795,0.0012989098329994064,1298.9098329994065,8500052
5,11,0.04997337759553317,0.049781484184581795,0.00019189341095137563,191.89341095137564,8500053
5,12,0.049935289347323365,0.049781484184581795,0.00015380516274157013,153.80516274157014,8500054
5,13,0.05002381064702332,0.049781484184581795,0.00024232646244152362,242.3264624415236,8500055
5,14,0.049931528898085824,0.049781484184581795,0.00015004471350402865,150.04471350402864,8500056
5,15,0.04989491305238992,0.049781484184581795,0.00011342886780812272,113.42886780812272,8500057
5,16,0.05210876725348463,0.049781484184581795,0.0023272830689028343,2327.283068902834,8500058
5,17,0.050235449475627456,0.049781484184581795,0.0004539652910456604,453.9652910456604,8500059
5,18,0.049921426982041155,0.049781484184581795,0.0001399427974593595,139.9427974593595,8500060
5,19,0.049889560854540715,0.049781484184581795,0.00010807666995892029,108.07666995892029,8500061
5,20,0.049874095711586595,0.049781484184581795,9.26115270048003e-05,92.6115270048003,8500062
5,21,0.051401274449080575,0.049781484184581795,0.00161979026449878,1619.7902644987798,8500063
5,22,0.04989719128992791,0.049781484184581795,0.00011570710534611339,115.7071053461134,8500064
5,23,0.05130526401202706,0.049781484184581795,0.001523779827445268,1523.779827445268,8500065
5,24,0.04989014743102962,0.049781484184581795,0.00010866324644782238,108.66324644782239,8500066
5,25,0.04990492533617041,0.049781484184581795,0.00012344115158861163,123.44115158861163,8500067
5,26,0.05076169723350754,0.049781484184581795,0.000980213048925746,980.213048925746,8500068
5,27,0.04994889285517709,0.049781484184581795,0.0001674086705952954,167.4086705952954,8500069
5,28,0.05058431839679224,0.049781484184581795,0.0008028342122104459,802.8342122104459,8500070
5,29,0.05008681804723656,0.049781484184581795,0.000305333862654765,305.33386265476497,8500071
5,30,0.049813142946751036,0.049781484184581795,3.1658762169241295e-05,31.658762169241296,8500072
5,31,0.05002375070525372,0.049781484184581795,0.0002422665206719271,242.2665206719271,8500073
5,32,0.0502878793041832,0.049781484184581795,0.0005063951196014049,506.39511960140493,8500074
5,33,0.05026251969126619,0.049781484184581795,0.00048103550668439354,481.03550668439357,8500075
5,34,0.0498481187421184,0.049781484184581795,6.663455753660313e-05,66.63455753660314,8500076
5,35,0.049902766859479405,0.049781484184581795,0.00012128267489761035,121.28267489761035,8500077
5,36,0.05035372982962459,0.049781484184581795,0.000572245645042796,572.245645042796,8500078
5,37,0.0498528091343388,0.049781484184581795,7.132494975700676e-05,71.32494975700676,8500079
5,38,0.049975792683476,0.049781484184581795,0.00019430849889420787,194.30849889420787,8500080
5,39,0.05026491029483308,0.049781484184581795,0.0004834261102512824,483.4261102512824,8500081
5,40,0.049999333517146465,0.049781484184581795,0.00021784933256466937,217.84933256466937,8500082
5,41,0.0504779572740257,0.049781484184581795,0.0006964730894439067,696.4730894439067,8500083
5,42,0.049830752123597215,0.049781484184581795,4.926793901541965e-05,49.26793901541965,8500084
5,43,0.050008314855272996,0.049781484184581795,0.00022683067069120127,226.83067069120128,8500085
5,44,0.05060538403364873,0.049781484184581795,0.0008238998490669378,823.8998490669378,8500086
5,45,0.0502323370549905,0.049781484184581795,0.00045085287040870503,450.85287040870503,8500087
5,46,0.04990256942464216,0.049781484184581795,0.00012108524006036736,121.08524006036735,8500088
5,47,0.05001719065996257,0.049781484184581795,0.00023570647538077166,235.70647538077165,8500089
5,48,0.04998089836310684,0.049781484184581795,0.0001994141785250439,199.4141785250439,8500090
5,49,0.0498102596679397,0.049781484184581795,2.877548335790403e-05,28.77548335790403,8500091
5,50,0.05254937743344068,0.049781484184581795,0.0027678932488588853,2767.8932488588853,8500092
5,51,0.050438640369844225,0.049781484184581795,0.0006571561852624294,657.1561852624294,8500093
5,52,0.050032367442419005,0.049781484184581795,0.00025088325783721027,250.88325783721027,8500094
5,53,0.050098896890442134,0.049781484184581795,0.0003174127058603385,317.41270586033846,8500095
5,54,0.05001611398692955,0.049781484184581795,0.00023462980234775777,234.62980234775776,8500096
5,55,0.04999386996308409,0.049781484184581795,0.00021238577850229284,212.38577850229285,8500097
5,56,0.050145765602519037,0.049781484184581795,0.0003642814179372414,364.2814179372414,8500098
5,57,0.04995948745779913,0.049781484184581795,0.00017800327321733367,178.00327321733366,8500099
5,58,0.050354300101172755,0.049781484184581795,0.0005728159165909602,572.8159165909602,8500100
5,59,0.050211530734804236,0.049781484184581795,0.0004300465502224404,430.04655022244043,8500101
5,60,0.05008569434274642,0.049781484184581795,0.00030421015816462643,304.2101581646264,8500102
5,61,0.049988531113568255,0.049781484184581795,0.0002070469289864596,207.0469289864596,8500103
5,62,0.050125042337887754,0.049781484184581795,0.00034355815330595896,343.55815330595897,8500104
5,63,0.04999591098343954,0.049781484184581795,0.00021442679885774751,214.4267988577475,8500105
5,64,0.050004260840115076,0.049781484184581795,0.00022277665553328135,222.77665553328134,8500106
5,65,0.050145150699776764,0.049781484184581795,0.0003636665151949686,363.6665151949686,8500107
5,66,0.04989421522356012,0.049781484184581795,0.00011273103897832537,112.73103897832537,8500108
5,67,0.04998393007609095,0.049781484184581795,0.0002024458915091537,202.4458915091537,8500109
5,68,0.050327588477283365,0.049781484184581795,0.00054610429270157,546.10429270157,8500110
5,69,0.05201562696341349,0.049781484184581795,0.002234142778831695,2234.142778831695,8500111
5,70,0.050434926797613126,0.049781484184581795,0.0006534426130313312,653.4426130313311,8500112
5,71,0.05002220233146495,0.049781484184581795,0.00024071814688315235,240.71814688315234,8500113
5,72,0.05070293276899079,0.049781484184581795,0.0009214485844089917,921.4485844089918,8500114
5,73,0.05024534764117585,0.049781484184581795,0.0004638634565940561,463.8634565940561,8500115
5,74,0.05059760021983439,0.049781484184581795,0.0008161160352525981,816.1160352525982,8500116
5,75,0.050178638935867034,0.049781484184581795,0.00039715475128523914,397.1547512852391,8500117
5,76,0.04993683390996937,0.049781484184581795,0.00015534972538757547,155.34972538757546,8500118
5,77,0.0499320442484745,0.049781484184581795,0.0001505600638927046,150.5600638927046,8500119
5,78,0.04992321541539963,0.049781484184581795,0.00014173123081783617,141.73123081783618,8500120
5,79,0.05006106732805181,0.049781484184581795,0.00027958314347001356,279.58314347001357,8500121
5,80,0.049924416859216975,0.049781484184581795,0.00014293267463517945,142.93267463517944,8500122
5,81,0.05030901060617802,0.049781484184581795,0.0005275264215962236,527.5264215962236,8500123
5,82,0.05016678717624034,0.049781484184581795,0.00038530299165854404,385.30299165854404,8500124
5,83,0.04993905350457181,0.049781484184581795,0.0001575693199900169,157.56931999001688,8500125
5,84,0.04992603199724043,0.049781484184581795,0.00014454781265863664,144.54781265863664,8500126
5,85,0.04987183403982274,0.049781484184581795,9.034985524094402e-05,90.34985524094402,8500127
5,86,0.05251356614859701,0.049781484184581795,0.002732081964015212,2732.081964015212,8500128
5,87,0.04994835259885476,0.049781484184581795,0.00016686841427296373,166.86841427296372,8500129
5,88,0.050520693168252716,0.049781484184581795,0.0007392089836709206,739.2089836709206,8500130
5,89,0.04993966141663043,0.049781484184581795,0.0001581772320486327,158.1772320486327,8500131
5,90,0.05011765141317113,0.049781484184581795,0.0003361672285893333,336.16722858933326,8500132
5,91,0.05030860693973214,0.049781484184581795,0.000527122755150343,527.122755150343,8500133
5,92,0.049944738498439244,0.049781484184581795,0.00016325431385744854,163.25431385744855,8500134
5,93,0.050192617140644505,0.049781484184581795,0.0004111329560627097,411.1329560627097,8500135
5,94,0.05276296255154237,0.049781484184581795,0.0029814783669605757,2981.478366960576,8500136
5,95,0.049983022564433814,0.049781484184581795,0.000201538379852019,201.538379852019,8500137
5,96,0.050456383756038,0.049781484184581795,0.0006748995714562014,674.8995714562014,8500138
5,97,0.04981488648047338,0.049781484184581795,3.340229589158389e-05,33.40229589158389,8500139
5,98,0.050360803122207434,0.049781484184581795,0.0005793189376256391,579.3189376256391,8500140
5,99,0.05257319951044974,0.049781484184581795,0.002791715325867944,2791.715325867944,8500141
5,100,0.05052091881646628,0.049781484184581795,0.0007394346318844863,739.4346318844863,8500142
5,101,0.05032886315525579,0.049781484184581795,0.0005473789706739937,547.3789706739938,8500143
5,102,0.04999482486024469,0.049781484184581795,0.00021334067566289305,213.34067566289306,8500144
5,103,0.05052312245999754,0.049781484184581795,0.0007416382754157416,741.6382754157416,8500145
5,104,0.04996628096218539,0.049781484184581795,0.0001847967776035936,184.7967776035936,8500146
5,105,0.049955827704022585,0.049781484184581795,0.0001743435194407894,174.3435194407894,8500147
5,106,0.05023920478309106,0.049781484184581795,0.0004577205985092647,457.72059850926473,8500148
5,107,0.05023308370029043,0.049781484184581795,0.0004515995157086325,451.5995157086325,8500149
5,108,0.049844933053594345,0.049781484184581795,6.344886901255009e-05,63.44886901255009,8500150
5,109,0.04999302992124291,0.049781484184581795,0.00021154573666111454,211.54573666111455,8500151
5,110,0.05599558192799629,0.049781484184581795,0.0062140977434144914,6214.097743414492,8500152
5,111,0.04992583119928813,0.049781484184581795,0.00014434701470633637,144.34701470633638,8500153
5,112,0.04984286751987621,0.049781484184581795,6.138333529441542e-05,61.38333529441542,8500154
5,113,0.05028459469639092,0.049781484184581795,0.0005031105118091239,503.1105118091239,8500155
5,114,0.05109704710799465,0.049781484184581795,0.0013155629234128524,1315.5629234128523,8500156
5,115,0.049838243817931435,0.049781484184581795,5.675963334964007e-05,56.75963334964007,8500157
5,116,0.049814962618950666,0.049781484184581795,3.347843436887071e-05,33.478434368870715,8500158
5,117,0.04985330004385862,0.049781484184581795,7.181585927682615e-05,71.81585927682616,8500159
5,118,0.05007954158728611,0.049781484184581795,0.00029805740270431175,298.05740270431176,8500160
5,119,0.04995899204779067,0.049781484184581795,0.0001775078632088728,177.5078632088728,8500161
5,120,0.05059346513533162,0.049781484184581795,0.000811980950749823,811.9809507498229,8500162
5,121,0.04988681252068187,0.049781484184581795,0.00010532833610007314,105.32833610007314,8500163
5,122,0.049928185187101765,0.049781484184581795,0.00014670100251996943,146.70100251996942,8500164
5,123,0.05231974662360753,0.049781484184581795,0.002538262439025732,2538.262439025732,8500165
5,124,0.04985566398915699,0.049781484184581795,7.41798045751918e-05,74.1798045751918,8500166
5,125,0.050027854325442114,0.049781484184581795,0.00024637014086031916,246.37014086031917,8500167
5,126,0.05019136567402443,0.049781484184581795,0.0004098814894426331,409.8814894426331,8500168
5,127,0.051532907683660485,0.049781484184581795,0.00175142349907869,1751.4234990786902,8500169
5,128,0.05070550109406798,0.049781484184581795,0.0009240169094861875,924.0169094861875,8500170
5,129,0.05029263792953158,0.049781484184581795,0.0005111537449497827,511.1537449497827,8500171
5,130,0.05070321418474438,0.049781484184581795,0.0009217300001625878,921.7300001625878,8500172
5,131,0.049974228177504736,0.049781484184581795,0.00019274399292294048,192.74399292294046,8500173
5,132,0.050049406842166404,0.049781484184581795,0.0002679226575846086,267.9226575846086,8500174
5,133,0.05012082543155665,0.049781484184581795,0.0003393412469748572,339.3412469748572,8500175
5,134,0.051414629927589155,0.049781484184581795,0.0016331457430073595,1633.1457430073594,8500176
5,135,0.0500600935956363,0.049781484184581795,0.00027860941105450204,278.60941105450206,8500177
5,136,0.050173625647740666,0.049781484184581795,0.000392141463158871,392.141463158871,8500178
5,137,0.05011968259991811,0.049781484184581795,0.00033819841533631184,338.1984153363118,8500179
5,138,0.04991320343531066,0.049781484184581795,0.00013171925072886365,131.71925072886364,8500180
5,139,0.049977877824755636,0.049781484184581795,0.0001963936401738406,196.3936401738406,8500181
5,140,0.04986796728143189,0.049781484184581795,8.64830968500957e-05,86.48309685009569,8500182
5,141,0.04982461426341745,0.049781484184581795,4.3130078835655616e-05,43.13007883565562,8500183
5,142,0.05073420442978345,0.049781484184581795,0.0009527202452016548,952.7202452016547,8500184
5,143,0.04992205765230404,0.049781484184581795,0.00014057346772224782,140.5734677222478,8500185
5,144,0.04987709271240855,0.049781484184581795,9.560852782675155e-05,95.60852782675155,8500186
5,145,0.05003911326709877,0.049781484184581795,0.0002576290825169747,257.6290825169747,8500187
5,146,0.05002194592203445,0.049781484184581795,0.00024046173745265187,240.46173745265187,8500188
5,147,0.0499458669019961,0.049781484184581795,0.00016438271741430616,164.38271741430614,8500189
5,148,0.050625499031867215,0.049781484184581795,0.0008440148472854195,844.0148472854195,8500190
5,149,0.04990090798699921,0.049781484184581795,0.00011942380241741768,119.42380241741768,8500191
5,150,0.05371669963063829,0.049781484184581795,0.003935215446056496,3935.215446056496,8500192
5,151,0.05001720958810013,0.049781484184581795,0.00023572540351833593,235.72540351833592,8500193
5,152,0.04991662340141245,0.049781484184581795,0.000135139216830657,135.139216830657,8500194
5,153,0.04998085982482511,0.049781484184581795,0.00019937564024331833,199.37564024331834,8500195
5,154,0.04993985222436363,0.049781484184581795,0.00015836803978183656,158.36803978183656,8500196
5,155,0.05026479309304416,0.049781484184581795,0.00048330890846236263,483.30890846236264,8500197
5,156,0.050339744729522774,0.049781484184581795,0.0005582605449409792,558.2605449409791,8500198
5,157,0.0507286924635856,0.049781484184581795,0.0009472082790038042,947.2082790038041,8500199
5,158,0.04994231561074382,0.049781484184581795,0.0001608314261620225,160.8314261620225,8500200
5,159,0.05044706223226036,0.049781484184581795,0.0006655780476785625,665.5780476785625,8500201
5,160,0.05056911292241563,0.049781484184581795,0.0007876287378338342,787.6287378338343,8500202
5,161,0.0498625162778363,0.049781484184581795,8.103209325450306e-05,81.03209325450305,8500203
5,162,0.05079796018295333,0.049781484184581795,0.001016475998371534,1016.475998371534,8500204
5,163,0.05100637758219914,0.049781484184581795,0.0012248933976173465,1224.8933976173464,8500205
5,164,0.050057790376185504,0.049781484184581795,0.00027630619160370906,276.30619160370907,8500206
5,165,0.04984405120564341,0.049781484184581795,6.256702106161721e-05,62.56702106161721,8500207
5,166,0.05048365300405643,0.049781484184581795,0.000702168819474637,702.168819474637,8500208
5,167,0.05125164583901755,0.049781484184581795,0.0014701616544357532,1470.1616544357532,8500209
5,168,0.04990914789792753,0.049781484184581795,0.00012766371334573673,127.66371334573672,8500210
5,169,0.05012697340467628,0.049781484184581795,0.00034548922009448174,345.48922009448177,8500211
5,170,0.04997373639517455,0.049781484184581795,0.00019225221059275543,192.25221059275543,8500212
5,171,0.05045504654377043,0.049781484184581795,0.0006735623591886328,673.5623591886327,8500213
5,172,0.05122430756253374,0.049781484184581795,0.0014428233779519434,1442.8233779519435,8500214
5,173,0.04990931082369743,0.049781484184581795,0.00012782663911563297,127.82663911563297,8500215
5,174,0.04984317879597551,0.049781484184581795,6.169461139371446e-05,61.69461139371446,8500216
5,175,0.049999339886262394,0.049781484184581795,0.00021785570168059848,217.8557016805985,8500217
5,176,0.050191095327846894,0.049781484184581795,0.0004096111432650984,409.6111432650984,8500218
5,177,0.05021642980259475,0.049781484184581795,0.0004349456180129524,434.9456180129524,8500219
5,178,0.05023345689953343,0.049781484184581795,0.0004519727149516345,451.9727149516345,8500220
5,179,0.050615540645156186,0.049781484184581795,0.0008340564605743908,834.0564605743908,8500221
5,180,0.050033260904378,0.049781484184581795,0.000251776719796204,251.77671979620396,8500222
5,181,0.04990837987030091,0.049781484184581795,0.0001268956857191153,126.8956857191153,8500223
5,182,0.05004815957932621,0.049781484184581795,0.0002666753947444117,266.67539474441173,8500224
5,183,0.04983423056141225,0.049781484184581795,5.274637683045508e-05,52.74637683045508,8500225
5,184,0.05018749392983108,0.049781484184581795,0.00040600974524928474,406.0097452492847,8500226
5,185,0.05018118894116763,0.049781484184581795,0.0003997047565858364,399.7047565858364,8500227
5,186,0.05029583097906591,0.049781484184581795,0.0005143467944841162,514.3467944841162,8500228
5,187,0.049914404774308745,0.049781484184581795,0.00013292058972694948,132.9205897269495,8500229
5,188,0.049964409493539995,0.049781484184581795,0.00018292530895819975,182.92530895819976,8500230
5,189,0.05087798977188823,0.049781484184581795,0.0010965055873064372,1096.5055873064373,8500231
5,190,0.04983629785932038,0.049781484184581795,5.481367473858523e-05,54.81367473858523,8500232
5,191,0.05067727048075236,0.049781484184581795,0.0008957862961705629,895.7862961705629,8500233
5,192,0.0498589864223827,0.049781484184581795,7.75022378009041e-05,77.5022378009041,8500234
5,193,0.05037646862174848,0.049781484184581795,0.0005949844371666846,594.9844371666846,8500235
5,194,0.05010802618370677,0.049781484184581795,0.00032654199912497683,326.5419991249768,8500236
5,195,0.05069850411049358,0.049781484184581795,0.0009170199259117828,917.0199259117828,8500237
5,196,0.05004621246694248,0.049781484184581795,0.00026472828236068224,264.7282823606822,8500238
5,197,0.05005332984362249,0.049781484184581795,0.00027184565904069674,271.8456590406967,8500239
5,198,0.050517894874134855,0.049781484184581795,0.0007364106895530603,736.4106895530604,8500240
5,199,0.05111923837259662,0.049781484184581795,0.0013377541880148225,1337.7541880148224,8500241
5,200,0.049926457596867944,0.049781484184581795,0.0001449734122861493,144.97341228614928,8500242
5,201,0.051574751566899134,0.049781484184581795,0.0017932673823173387,1793.2673823173386,8500243
5,202,0.0498284907198629,0.049781484184581795,4.7006535281106376e-05,47.00653528110637,8500244
5,203,0.04988318402979102,0.049781484184581795,0.00010169984520922576,101.69984520922576,8500245
5,204,0.05035116394396797,0.049781484184581795,0.0005696797593861755,569.6797593861755,8500246
5,205,0.04999294372863202,0.049781484184581795,0.00021145954405022566,211.45954405022565,8500247
5,206,0.04983594325873812,0.049781484184581795,5.445907415632667e-05,54.45907415632667,8500248
5,207,0.0501244326722121,0.049781484184581795,0.00034294848763030683,342.94848763030683,8500249
5,208,0.05009777502265291,0.049781484184581795,0.0003162908380711163,316.2908380711163,8500250
5,209,0.049800251651546584,0.049781484184581795,1.8767466964789148e-05,18.767466964789147,8500251
5,210,0.049980636837273336,0.049781484184581795,0.00019915265269154075,199.15265269154077,8500252
5,211,0.05066747139669585,0.049781484184581795,0.0008859872121140533,885.9872121140532,8500253
5,212,0.050025769590638716,0.049781484184581795,0.00024428540605692106,244.28540605692106,8500254
5,213,0.050511115906528875,0.049781484184581795,0.0007296317219470799,729.6317219470799,8500255
5,214,0.05221346533922903,0.049781484184581795,0.0024319811546472322,2431.9811546472324,8500256
5,215,0.04993181414672151,0.049781484184581795,0.00015032996213971278,150.3299621397128,8500257
5,216,0.04989387580471583,0.049781484184581795,0.00011239162013403775,112.39162013403775,8500258
5,217,0.05186687412587285,0.049781484184581795,0.002085389941291052,2085.389941291052,8500259
5,218,0.04987518918301105,0.049781484184581795,9.370499842925595e-05,93.70499842925595,8500260
5,219,0.05005377571928113,0.049781484184581795,0.0002722915346993343,272.2915346993343,8500261
5,220,0.05035197563950241,0.049781484184581795,0.0005704914549206144,570.4914549206144,8500262
5,221,0.04983167230292498,0.049781484184581795,5.01881183431821e-05,50.1881183431821,8500263
5,222,0.05005869536110901,0.049781484184581795,0.0002772111765272159,277.2111765272159,8500264
5,223,0.05016212898454879,0.049781484184581795,0.00038064479996699485,380.64479996699487,8500265
5,224,0.04987085930610862,0.049781484184581795,8.937512152682597e-05,89.37512152682598,8500266
5,225,0.04997637753884685,0.049781484184581795,0.00019489335426505633,194.89335426505633,8500267
5,226,0.04988844396808725,0.049781484184581795,0.00010695978350545171,106.95978350545171,8500268
5,227,0.05073250385505416,0.049781484184581795,0.0009510196704723625,951.0196704723626,8500269
5,228,0.05008778256243094,0.049781484184581795,0.0003062983778491443,306.29837784914434,8500270
5,229,0.04985931551365669,0.049781484184581795,7.783132907489276e-05,77.83132907489276,8500271
5,230,0.050022440822931766,0.049781484184581795,0.0002409566383499706,240.9566383499706,8500272
5,231,0.04997088625911816,0.049781484184581795,0.00018940207453636143,189.40207453636143,8500273
5,232,0.05054977117945366,0.049781484184581795,0.0007682869948718654,768.2869948718654,8500274
5,233,0.05039066524943989,0.049781484184581795,0.0006091810648580914,609.1810648580914,8500275
5,234,0.04991090375825719,0.049781484184581795,0.00012941957367539753,129.41957367539752,8500276
5,235,0.04987762571850713,0.049781484184581795,9.614153392533548e-05,96.14153392533548,8500277
5,236,0.05146321383113851,0.049781484184581795,0.0016817296465567177,1681.7296465567179,8500278
5,237,0.050423336043733745,0.049781484184581795,0.0006418518591519498,641.8518591519498,8500279
5,238,0.05004954160876293,0.049781484184581795,0.00026805742418113676,268.05742418113675,8500280
5,239,0.05012011413004145,0.049781484184581795,0.000338629945459655,338.629945459655,8500281
5,240,0.049967388963995704,0.049781484184581795,0.00018590477941390904,185.90477941390904,8500282
5,241,0.05065598393792082,0.049781484184581795,0.0008744997533390239,874.4997533390239,8500283
5,242,0.04999925203766707,0.049781484184581795,0.00021776785308527669,217.7678530852767,8500284
5,243,0.0499249492957298,0.049781484184581795,0.00014346511114800287,143.46511114800288,8500285
5,244,0.05203399779091518,0.049781484184581795,0.002252513606333384,2252.513606333384,8500286
5,245,0.05067840164278957,0.049781484184581795,0.0008969174582077744,896.9174582077743,8500287
5,246,0.05073201208339091,0.049781484184581795,0.000950527898809117,950.527898809117,8500288
5,247,0.04992363976015661,0.049781484184581795,0.00014215557557481495,142.15557557481495,8500289
5,248,0.049880233608047705,0.049781484184581795,9.874942346591031e-05,98.74942346591031,8500290
5,249,0.049865526388798445,0.049781484184581795,8.404220421664998e-05,84.04220421664999,8500291
5,250,0.04983902245743178,0.049781484184581795,5.753827284998153e-05,57.53827284998153,8500292
5,251,0.04985149780501399,0.049781484184581795,7.001362043219245e-05,70.01362043219245,8500293
5,252,0.04985764857579225,0.049781484184581795,7.616439121045648e-05,76.16439121045649,8500294
5,253,0.05034096338436191,0.049781484184581795,0.0005594791997801177,559.4791997801177,8500295
5,254,0.05076842757920003,0.049781484184581795,0.000986943394618238,986.9433946182379,8500296
5,255,0.05094802120195264,0.049781484184581795,0.001166537017370843,1166.5370173708432,8500297
5,256,0.05028479366293794,0.049781484184581795,0.0005033094783561468,503.30947835614677,8500298
5,257,0.05030476842103385,0.049781484184581795,0.0005232842364520582,523.2842364520582,8500299
5,258,0.04987768552760377,0.049781484184581795,9.620134302197603e-05,96.20134302197603,8500300
5,259,0.05047372904967415,0.049781484184581795,0.0006922448650923535,692.2448650923535,8500301
5,260,0.0499580076833927,0.049781484184581795,0.00017652349881090712,176.5234988109071,8500302
5,261,0.05017267704068161,0.049781484184581795,0.0003911928560998146,391.1928560998146,8500303
5,262,0.04979120345817573,0.049781484184581795,9.719273593937483e-06,9.719273593937483,8500304
5,263,0.05004900176821872,0.049781484184581795,0.00026751758363692535,267.51758363692534,8500305
5,264,0.05029520096828062,0.049781484184581795,0.0005137167836988255,513.7167836988255,8500306
5,265,0.050386642836951684,0.049781484184581795,0.0006051586523698887,605.1586523698887,8500307
5,266,0.050739345959855735,0.049781484184581795,0.0009578617752739396,957.8617752739397,8500308
5,267,0.05103216465694433,0.049781484184581795,0.001250680472362535,1250.680472362535,8500309
5,268,0.05001045515139197,0.049781484184581795,0.00022897096681017554,228.97096681017553,8500310
5,269,0.05048796041549292,0.049781484184581795,0.000706476230911128,706.476230911128,8500311
5,270,0.04996519554960922,0.049781484184581795,0.00018371136502742802,183.71136502742803,8500312
5,271,0.05005719334707965,0.049781484184581795,0.00027570916249785443,275.70916249785444,8500313
5,272,0.0498338465391303,0.049781484184581795,5.236235454850191e-05,52.36235454850191,8500314
5,273,0.05040241694156887,0.049781484184581795,0.0006209327569870748,620.9327569870749,8500315
5,274,0.052420835275928286,0.049781484184581795,0.002639351091346491,2639.351091346491,8500316
5,275,0.05025450719024387,0.049781484184581795,0.00047302300566207794,473.02300566207794,8500317
5,276,0.05129486910327873,0.049781484184581795,0.0015133849186969375,1513.3849186969376,8500318
5,277,0.05013517455194608,0.049781484184581795,0.0003536903673642816,353.6903673642816,8500319
5,278,0.05006839667971581,0.049781484184581795,0.0002869124951340174,286.9124951340174,8500320
5,279,0.05018016829767534,0.049781484184581795,0.0003986841130935448,398.6841130935448,8500321
5,280,0.050935245504948205,0.049781484184581795,0.0011537613203664102,1153.7613203664102,8500322
5,281,0.050157758002455276,0.049781484184581795,0.00037627381787348063,376.27381787348065,8500323
5,282,0.04985117539917048,0.049781484184581795,6.969121458868383e-05,69.69121458868382,8500324
5,283,0.050010815824328855,0.049781484184581795,0.00022933163974706017,229.33163974706017,8500325
5,284,0.04984490637303932,0.049781484184581795,6.342218845752784e-05,63.42218845752784,8500326
5,285,0.05057230953986882,0.049781484184581795,0.000790825355287024,790.825355287024,8500327
5,286,0.05035061366906616,0.049781484184581795,0.0005691294844843639,569.129484484364,8500328
5,287,0.05011776380973498,0.049781484184581795,0.000336279625153188,336.27962515318796,8500329
5,288,0.050071593613796525,0.049781484184581795,0.00029010942921472993,290.1094292147299,8500330
5,289,0.04987681220305052,0.049781484184581795,9.532801846872524e-05,95.32801846872523,8500331
5,290,0.05051492629455727,0.049781484184581795,0.000733442109975474,733.442109975474,8500332
5,291,0.049855144593526884,0.049781484184581795,7.36604089450893e-05,73.6604089450893,8500333
5,292,0.05001302164347023,0.049781484184581795,0.00023153745888843807,231.53745888843807,8500334
5,293,0.0510061542003639,0.049781484184581795,0.001224670015782102,1224.670015782102,8500335
5,294,0.050085795003691466,0.049781484184581795,0.00030431081910967106,304.31081910967106,8500336
5,295,0.05027689731099935,0.049781484184581795,0.0004954131264175571,495.41312641755707,8500337
5,296,0.05009509851168254,0.049781484184581795,0.00031361432710074605,313.61432710074604,8500338
5,297,0.04984265405565885,0.049781484184581795,6.116987107705751e-05,61.169871077057515,8500339
5,298,0.0504061223142027,0.049781484184581795,0.000624638129620908,624.638129620908,8500340
5,299,0.05019670993459752,0.049781484184581795,0.0004152257500157283,415.2257500157283,8500341
5,300,0.049923485583608915,0.049781484184581795,0.0001420013990271196,142.00139902711962,8500342
5,301,0.050355649339430174,0.049781484184581795,0.0005741651548483787,574.1651548483786,8500343
5,302,0.04992083094690851,0.049781484184581795,0.00013934676232671417,139.34676232671416,8500344
5,303,0.04991748042303942,0.049781484184581795,0.00013599623845762798,135.99623845762798,8500345
5,304,0.050054199352315885,0.049781484184581795,0.00027271516773409027,272.71516773409024,8500346
5,305,0.050422089781794424,0.049781484184581795,0.000640605597212629,640.605597212629,8500347
5,306,0.051503764128296194,0.049781484184581795,0.0017222799437143985,1722.2799437143985,8500348
5,307,0.050242173157369174,0.049781484184581795,0.0004606889727873792,460.6889727873792,8500349
5,308,0.05057200257383704,0.049781484184581795,0.0007905183892552431,790.518389255243,8500350
5,309,0.04982376481205194,0.049781484184581795,4.2280627470143994e-05,42.280627470144,8500351
5,310,0.0500049881199691,0.049781484184581795,0.00022350393538730223,223.50393538730222,8500352
5,311,0.04988098132822268,0.049781484184581795,9.949714364088785e-05,99.49714364088786,8500353
5,312,0.04984873181648196,0.049781484184581795,6.724763190016358e-05,67.24763190016358,8500354
5,313,0.050331266124582906,0.049781484184581795,0.0005497819400011109,549.7819400011109,8500355
5,314,0.05020054953293506,0.049781484184581795,0.0004190653483532661,419.0653483532661,8500356
5,315,0.05006425731232974,0.049781484184581795,0.0002827731277479442,282.7731277479442,8500357
5,316,0.0502925571090383,0.049781484184581795,0.0005110729244565057,511.0729244565057,8500358
5,317,0.05016844940737294,0.049781484184581795,0.0003869652227911427,386.9652227911427,8500359
5,318,0.05015568343652397,0.049781484184581795,0.0003741992519421741,374.1992519421741,8500360
5,319,0.04983014627030323,0.049781484184581795,4.866208572143482e-05,48.66208572143482,8500361
5,320,0.0502988275416707,0.049781484184581795,0.0005173433570889036,517.3433570889035,8500362
5,321,0.05007056619608497,0.049781484184581795,0.0002890820115031764,289.08201150317643,8500363
5,322,0.04981508971053856,0.049781484184581795,3.3605525956763305e-05,33.6055259567633,8500364
5,323,0.04991174001957685,0.049781484184581795,0.000130255834995055,130.255834995055,8500365
5,324,0.04994557169961553,0.049781484184581795,0.00016408751503373814,164.08751503373813,8500366
5,325,0.05079088943939754,0.049781484184581795,0.0010094052548157428,1009.4052548157429,8500367
5,326,0.049956779143929875,0.049781484184581795,0.0001752949593480796,175.2949593480796,8500368
5,327,0.049998309295230844,0.049781484184581795,0.0002168251106490493,216.8251106490493,8500369
5,328,0.050525321396718156,0.049781484184581795,0.0007438372121363612,743.8372121363612,8500370
5,329,0.049910498324362805,0.049781484184581795,0.0001290141397810099,129.0141397810099,8500371
5,330,0.05024589227954314,0.049781484184581795,0.00046440809496134383,464.4080949613438,8500372
5,331,0.05013577403891694,0.049781484184581795,0.000354289854335145,354.289854335145,8500373
5,332,0.050219121857398824,0.049781484184581795,0.0004376376728170289,437.63767281702894,8500374
5,333,0.05234618968260857,0.049781484184581795,0.002564705498026773,2564.705498026773,8500375
5,334,0.05032389346189069,0.049781484184581795,0.0005424092773088918,542.4092773088918,8500376
5,335,0.05049337149195708,0.049781484184581795,0.0007118873073752863,711.8873073752862,8500377
5,336,0.05238032363973646,0.049781484184581795,0.0025988394551546626,2598.8394551546626,8500378
5,337,0.050241292393227686,0.049781484184581795,0.0004598082086458913,459.8082086458913,8500379
5,338,0.05020738533385494,0.049781484184581795,0.0004259011492731418,425.9011492731418,8500380
5,339,0.05006121175793551,0.049781484184581795,0.0002797275733537122,279.72757335371216,8500381
5,340,0.05006501955500212,0.049781484184581795,0.0002835353704203278,283.5353704203278,8500382
5,341,0.050458493545008185,0.049781484184581795,0.0006770093604263894,677.0093604263893,8500383
5,342,0.049929162209018885,0.049781484184581795,0.00014767802443708955,147.67802443708956,8500384
5,343,0.04983976737268822,0.049781484184581795,5.828318810642552e-05,58.28318810642552,8500385
5,344,0.05034639266201524,0.049781484184581795,0.0005649084774334429,564.9084774334428,8500386
5,345,0.04991281567542934,0.049781484184581795,0.0001313314908475416,131.3314908475416,8500387
5,346,0.05201257803399588,0.049781484184581795,0.002231093849414084,2231.093849414084,8500388
5,347,0.04995543717974557,0.049781484184581795,0.00017395299516377583,173.95299516377582,8500389
5,348,0.049985308550416045,0.049781484184581795,0.00020382436583425007,203.82436583425007,8500390
5,349,0.04986548509256235,0.049781484184581795,8.40009079805526e-05,84.0009079805526,8500391
5,350,0.05017270695120947,0.049781484184581795,0.00039122276662767463,391.2227666276746,8500392
5,351,0.05007594089426324,0.049781484184581795,0.00029445670968144405,294.45670968144407,8500393
5,352,0.05005710798028622,0.049781484184581795,0.00027562379570442164,275.62379570442164,8500394
5,353,0.0499862315054921,0.049781484184581795,0.00020474732091030345,204.74732091030344,8500395
5,354,0.04995119882189857,0.049781484184581795,0.0001697146373167771,169.7146373167771,8500396
5,355,0.059491781476793376,0.049781484184581795,0.009710297292211581,9710.29729221158,8500397
5,356,0.0503178096807311,0.049781484184581795,0.0005363254961493064,536.3254961493063,8500398
5,357,0.050054957841225045,0.049781484184581795,0.00027347365664324996,273.47365664324997,8500399
5,358,0.04984319067891393,0.049781484184581795,6.170649433213243e-05,61.706494332132436,8500400
5,359,0.0498295104288889,0.049781484184581795,4.802624430710195e-05,48.02624430710195,8500401
5,360,0.049914711913903946,0.049781484184581795,0.00013322772932215093,133.22772932215094,8500402
5,361,0.04991705461319267,0.049781484184581795,0.00013557042861087748,135.57042861087749,8500403
5,362,0.049829750846986036,0.049781484184581795,4.826666240424077e-05,48.26666240424077,8500404
5,363,0.04982013623578489,0.049781484184581795,3.865205120309745e-05,38.65205120309745,8500405
5,364,0.049804854367784694,0.049781484184581795,2.337018320289902e-05,23.37018320289902,8500406
5,365,0.0506995473771967,0.049781484184581795,0.0009180631926149069,918.0631926149068,8500407
5,366,0.051212181902960875,0.049781484184581795,0.00143069771837908,1430.69771837908,8500408
5,367,0.05059036243519615,0.049781484184581795,0.0008088782506143546,808.8782506143547,8500409
5,368,0.0501242899439448,0.049781484184581795,0.0003428057593630046,342.8057593630046,8500410
5,369,0.04988763791901664,0.049781484184581795,0.000106153734434844,106.153734434844,8500411
5,370,0.050237657857641276,0.049781484184581795,0.00045617367305948037,456.1736730594804,8500412
5,371,0.050169433241569916,0.049781484184581795,0.0003879490569881211,387.9490569881211,8500413
5,372,0.049856968175601014,0.049781484184581795,7.548399101921927e-05,75.48399101921926,8500414
5,373,0.05011547052438377,0.049781484184581795,0.0003339863398019727,333.9863398019727,8500415
5,374,0.049827713563443794,0.049781484184581795,4.6229378861999126e-05,46.22937886199912,8500416
5,375,0.04992763452445185,0.049781484184581795,0.00014615033987005338,146.1503398700534,8500417
5,376,0.05223942672720531,0.049781484184581795,0.0024579425426235132,2457.9425426235134,8500418
5,377,0.04987549946867423,0.049781484184581795,9.401528409243298e-05,94.01528409243298,8500419
5,378,0.05040334406117617,0.049781484184581795,0.0006218598765943759,621.8598765943758,8500420
5,379,0.04993550985576274,0.049781484184581795,0.00015402567118094623,154.02567118094623,8500421
5,380,0.050049804117937864,0.049781484184581795,0.000268319933356069,268.31993335606904,8500422
5,381,0.05020807531042525,0.049781484184581795,0.00042659112584345765,426.59112584345763,8500423
5,382,0.050033461807613845,0.049781484184581795,0.00025197762303205,251.97762303205002,8500424
5,383,0.049947715872908416,0.049781484184581795,0.00016623168832662072,166.2316883266207,8500425
5,384,0.049847346450735935,0.049781484184581795,6.586226615414026e-05,65.86226615414026,8500426
5,385,0.04984126761723013,0.049781484184581795,5.978343264833458e-05,59.783432648334575,8500427
5,386,0.04992412047560407,0.049781484184581795,0.00014263629102227726,142.63629102227725,8500428
5,387,0.05037499337387862,0.049781484184581795,0.0005935091892968272,593.5091892968272,8500429
5,388,0.05081058130651836,0.049781484184581795,0.0010290971219365647,1029.0971219365647,8500430
5,389,0.0541275318365502,0.049781484184581795,0.004346047651968402,4346.047651968402,8500431
5,390,0.050110138842581635,0.049781484184581795,0.0003286546579998398,328.6546579998398,8500432
5,391,0.04993507145573778,0.049781484184581795,0.00015358727115598325,153.58727115598325,8500433
5,392,0.0525353090309563,0.049781484184581795,0.002753824846374507,2753.824846374507,8500434
5,393,0.05002575425262776,0.049781484184581795,0.0002442700680459625,244.27006804596252,8500435
5,394,0.05047455989319288,0.049781484184581795,0.0006930757086110878,693.0757086110877,8500436
5,395,0.05043701475499142,0.049781484184581795,0.0006555305704096237,655.5305704096237,8500437
5,396,0.0504646258709326,0.049781484184581795,0.0006831416863508077,683.1416863508077,8500438
5,397,0.049804506017797893,0.049781484184581795,2.3021833216098353e-05,23.021833216098354,8500439
5,398,0.04989879798859033,0.049781484184581795,0.0001173138040085342,117.31380400853419,8500440
5,399,0.0534472281503453,0.049781484184581795,0.003665743965763503,3665.743965763503,8500441
5,400,0.050009265659052025,0.049781484184581795,0.00022778147447023028,227.78147447023028,8500442
5,401,0.0502455649738998,0.049781484184581795,0.00046408078931800545,464.08078931800543,8500443
5,402,0.05025436057486947,0.049781484184581795,0.00047287639028767425,472.87639028767427,8500444
5,403,0.050037406898198106,0.049781484184581795,0.0002559227136163106,255.92271361631057,8500445
5,404,0.05035815898817895,0.049781484184581795,0.0005766748035971533,576.6748035971533,8500446
5,405,0.050755958836966646,0.049781484184581795,0.0009744746523848505,974.4746523848505,8500447
5,406,0.05001046325189302,0.049781484184581795,0.00022897906731122325,228.97906731122325,8500448
5,407,0.050426355267647736,0.049781484184581795,0.0006448710830659413,644.8710830659413,8500449
5,408,0.04987637129639902,0.049781484184581795,9.488711181722398e-05,94.88711181722398,8500450
5,409,0.049823443998950154,0.049781484184581795,4.1959814368358606e-05,41.95981436835861,8500451
5,410,0.049907091086519154,0.049781484184581795,0.00012560690193735846,125.60690193735846,8500452
5,411,0.05000421563521917,0.049781484184581795,0.00022273145063737149,222.7314506373715,8500453
5,412,0.04999354362792081,0.049781484184581795,0.0002120594433390119,212.0594433390119,8500454
5,413,0.04986578265684102,0.049781484184581795,8.429847225922826e-05,84.29847225922826,8500455
5,414,0.049797672554899856,0.049781484184581795,1.618837031806125e-05,16.188370318061253,8500456
5,415,0.050053773902153376,0.049781484184581795,0.0002722897175715805,272.28971757158047,8500457
5,416,0.04980631804137771,0.049781484184581795,2.4833856795913878e-05,24.833856795913878,8500458
5,417,0.050131216152764786,0.049781484184581795,0.00034973196818299107,349.73196818299107,8500459
5,418,0.050579850559144914,0.049781484184581795,0.0007983663745631184,798.3663745631184,8500460
5,419,0.05009812016641054,0.049781484184581795,0.0003166359818287459,316.6359818287459,8500461
5,420,0.050663196621639206,0.049781484184581795,0.0008817124370574109,881.7124370574109,8500462
5,421,0.051009424973886434,0.049781484184581795,0.0012279407893046393,1227.9407893046393,8500463
5,422,0.051418245409398045,0.049781484184581795,0.0016367612248162494,1636.7612248162495,8500464
5,423,0.05024688902637824,0.049781484184581795,0.00046540484179644764,465.40484179644767,8500465
5,424,0.049956506582476065,0.049781484184581795,0.00017502239789427,175.02239789427,8500466
5,425,0.05006752715231754,0.049781484184581795,0.00028604296773574595,286.04296773574595,8500467
5,426,0.04991188253382067,0.049781484184581795,0.00013039834923887772,130.39834923887773,8500468
5,427,0.04983295688167487,0.049781484184581795,5.147269709307456e-05,51.47269709307456,8500469
5,428,0.05028701564696557,0.049781484184581795,0.0005055314623837737,505.53146238377366,8500470
5,429,0.050040398509608404,0.049781484184581795,0.00025891432502660877,258.91432502660876,8500471
5,430,0.04995681935252566,0.049781484184581795,0.00017533516794386583,175.33516794386583,8500472
5,431,0.049929374763123535,0.049781484184581795,0.00014789057854174004,147.89057854174004,8500473
5,432,0.050028261447285005,0.049781484184581795,0.00024677726270321,246.77726270321,8500474
5,433,0.05175855478405372,0.049781484184581795,0.001977070599471928,1977.0705994719278,8500475
5,434,0.05011473142351795,0.049781484184581795,0.0003332472389361574,333.2472389361574,8500476
5,435,0.05000849896125359,0.049781484184581795,0.00022701477667179393,227.01477667179392,8500477
5,436,0.04985013005938806,0.049781484184581795,6.864587480626821e-05,68.64587480626821,8500478
5,437,0.04997230533690751,0.049781484184581795,0.00019082115232571528,190.82115232571527,8500479
5,438,0.05098270283316452,0.049781484184581795,0.0012012186485827261,1201.2186485827262,8500480
5,439,0.049986193380709296,0.049781484184581795,0.0002047091961275005,204.7091961275005,8500481
5,440,0.05019265422389138,0.049781484184581795,0.00041117003930958573,411.1700393095857,8500482
5,441,0.04991329431592096,0.049781484184581795,0.0001318101313391648,131.8101313391648,8500483
5,442,0.05000260515685522,0.049781484184581795,0.0002211209722734267,221.1209722734267,8500484
5,443,0.04987606594352443,0.049781484184581795,9.458175894263426e-05,94.58175894263427,8500485
5,444,0.04994912260653356,0.049781484184581795,0.00016763842195176293,167.63842195176292,8500486
5,445,0.049931962493040265,0.049781484184581795,0.0001504783084584696,150.4783084584696,8500487
5,446,0.04985676906772888,0.049781484184581795,7.528488314708509e-05,75.2848831470851,8500488
5,447,0.05231197383597906,0.049781484184581795,0.0025304896513972663,2530.4896513972662,8500489
5,448,0.05032655660952358,0.049781484184581795,0.0005450724249417838,545.0724249417838,8500490
5,449,0.052408998469621576,0.049781484184581795,0.002627514285039781,2627.514285039781,8500491
5,450,0.04999138225259323,0.049781484184581795,0.0002098980680114368,209.89806801143678,8500492
5,451,0.05000006799671742,0.049781484184581795,0.000218583812135624,218.583812135624,8500493
5,452,0.05006353585022594,0.049781484184581795,0.0002820516656441424,282.0516656441424,8500494
5,453,0.050397338102158525,0.049781484184581795,0.0006158539175767294,615.8539175767294,8500495
5,454,0.0501077704425553,0.049781484184581795,0.0003262862579735057,326.2862579735057,8500496
5,455,0.049944653344240635,0.049781484184581795,0.00016316915965883944,163.16915965883945,8500497
5,456,0.05202129228977351,0.049781484184581795,0.0022398081051917124,2239.8081051917125,8500498
5,457,0.050001996266594274,0.049781484184581795,0.00022051208201247924,220.51208201247923,8500499
5,458,0.050020144869188925,0.049781484184581795,0.00023866068460712958,238.66068460712958,8500500
5,459,0.0516530427075196,0.049781484184581795,0.0018715585229378065,1871.5585229378064,8500501
5,460,0.049941811517424196,0.049781484184581795,0.00016032733284240125,160.32733284240126,8500502
5,461,0.049991328221454585,0.049781484184581795,0.00020984403687279024,209.84403687279024,8500503
5,462,0.050118887253825545,0.049781484184581795,0.00033740306924374963,337.40306924374966,8500504
5,463,0.05003331998117585,0.049781484184581795,0.0002518357965940535,251.83579659405348,8500505
5,464,0.0527712607521096,0.049781484184581795,0.002989776567527802,2989.776567527802,8500506
5,465,0.05050186344404578,0.049781484184581795,0.0007203792594639852,720.3792594639851,8500507
5,466,0.049799314303092965,0.049781484184581795,1.7830118511169557e-05,17.83011851116956,8500508
5,467,0.04997534570017514,0.049781484184581795,0.00019386151559334236,193.86151559334235,8500509
5,468,0.049939710946597375,0.049781484184581795,0.00015822676201558,158.22676201558,8500510
5,469,0.050565834362160306,0.049781484184581795,0.0007843501775785106,784.3501775785105,8500511
5,470,0.049845363669110195,0.049781484184581795,6.387948452839937e-05,63.87948452839937,8500512
5,471,0.0502340917762369,0.049781484184581795,0.00045260759165510756,452.60759165510757,8500513
5,472,0.050019716603132154,0.049781484184581795,0.00023823241855035898,238.23241855035897,8500514
5,473,0.05017874042058098,0.049781484184581795,0.0003972562359991841,397.25623599918407,8500515
5,474,0.05023816970663465,0.049781484184581795,0.0004566855220528576,456.6855220528576,8500516
5,475,0.05204283045796358,0.049781484184581795,0.002261346273381787,2261.346273381787,8500517
5,476,0.04993165395777298,0.049781484184581795,0.0001501697731911833,150.1697731911833,8500518
5,477,0.05018702729839733,0.049781484184581795,0.00040554311381553465,405.54311381553464,8500519
5,478,0.05001433119955598,0.049781484184581795,0.00023284701497418292,232.8470149741829,8500520
5,479,0.0501711566000282,0.049781484184581795,0.00038967241544640707,389.67241544640706,8500521
5,480,0.05201730538853,0.049781484184581795,0.0022358212039482045,2235.8212039482046,8500522
5,481,0.05003378697624379,0.049781484184581795,0.00025230279166199576,252.30279166199577,8500523
5,482,0.05214413303761132,0.049781484184581795,0.002362648853029524,2362.6488530295237,8500524
5,483,0.050723254783558776,0.049781484184581795,0.0009417705989769806,941.7705989769806,8500525
5,484,0.04997439429231065,0.049781484184581795,0.00019291010772885808,192.9101077288581,8500526
5,485,0.052443094844550585,0.049781484184581795,0.0026616106599687897,2661.6106599687896,8500527
5,486,0.050343104793786675,0.049781484184581795,0.0005616206092048798,561.6206092048798,8500528
5,487,0.04990495674338008,0.049781484184581795,0.0001234725587982849,123.4725587982849,8500529
5,488,0.05000149647093846,0.049781484184581795,0.00022001228635666614,220.01228635666615,8500530
5,489,0.04988946062081871,0.049781484184581795,0.00010797643623691733,107.97643623691732,8500531
5,490,0.04984935005899271,0.049781484184581795,6.786587441091202e-05,67.86587441091201,8500532
5,491,0.05007621393463733,0.049781484184581795,0.0002947297500555321,294.72975005553207,8500533
5,492,0.05042555421656296,0.049781484184581795,0.0006440700319811643,644.0700319811643,8500534
5,493,0.050367519204935644,0.049781484184581795,0.0005860350203538492,586.0350203538492,8500535
5,494,0.05020125445637365,0.049781484184581795,0.0004197702717918528,419.7702717918528,8500536
5,495,0.052154187817475474,0.049781484184581795,0.0023727036328936787,2372.703632893679,8500537
5,496,0.049967859674958315,0.049781484184581795,0.00018637549037651968,186.37549037651968,8500538
5,497,0.05165401729527573,0.049781484184581795,0.0018725331106939358,1872.533110693936,8500539
5,498,0.050780562155017014,0.049781484184581795,0.0009990779704352193,999.0779704352193,8500540
5,499,0.04986339666447215,0.049781484184581795,8.191247989035311e-05,81.91247989035311,8500541
10,0,0.0497814841845818,0.049781484184581795,6.938893903907228e-18,6.938893903907228e-12,9000042
10,1,0.049781484184581795,0.049781484184581795,0.0,0.0,9000043
10,2,0.049781484184581795,0.049781484184581795,0.0,0.0,9000044
10,3,0.049781484184581795,0.049781484184581795,0.0,0.0,9000045
10,4,0.0497814841845818,0.049781484184581795,6.938893903907228e-18,6.938893903907228e-12,9000046
10,5,0.0497814841845818,0.049781484184581795,6.938893903907228e-18,6.938893903907228e-12,9000047
10,6,0.049781484184581795,0.049781484184581795,0.0,0.0,9000048
10,7,0.049781484184581795,0.049781484184581795,0.0,0.0,9000049
10,8,0.0497814841845818,0.049781484184581795,6.938893903907228e-18,6.938893903907228e-12,9000050
10,9,0.0497814841845818,0.049781484184581795,6.938893903907228e-18,6.938893903907228e-12,9000051
10,10,0.049781484184581795,0.049781484184581795,0.0,0.0,9000052
10,11,0.0497814841845818,0.049781484184581795,6.938893903907228e-18,6.938893903907228e-12,9000053
10,12,0.049781484184581795,0.049781484184581795,0.0,0.0,9000054
10,13,0.049781484184581795,0.049781484184581795,0.0,0.0,9000055
10,14,0.049781484184581795,0.049781484184581795,0.0,0.0,9000056
10,15,0.049781484184581795,0.049781484184581795,0.0,0.0,9000057
10,16,0.0497814841845818,0.049781484184581795,6.938893903907228e-18,6.938893903907228e-12,9000058
10,17,0.049781484184581795,0.049781484184581795,0.0,0.0,9000059
10,18,0.0497814841845818,0.049781484184581795,6.938893903907228e-18,6.938893903907228e-12,9000060
10,19,0.049781484184581795,0.049781484184581795,0.0,0.0,9000061
10,20,0.049781484184581795,0.049781484184581795,0.0,0.0,9000062
10,21,0.049781484184581795,0.049781484184581795,0.0,0.0,9000063
10,22,0.049781484184581795,0.049781484184581795,0.0,0.0,9000064
10,23,0.049781484184581795,0.049781484184581795,0.0,0.0,9000065
10,24,0.049781484184581795,0.049781484184581795,0.0,0.0,9000066
10,25,0.0497814841845818,0.049781484184581795,6.938893903907228e-18,6.938893903907228e-12,9000067
10,26,0.0497814841845818,0.049781484184581795,6.938893903907228e-18,6.938893903907228e-12,9000068
10,27,0.049781484184581795,0.049781484184581795,0.0,0.0,9000069
10,28,0.049781484184581795,0.049781484184581795,0.0,0.0,9000070
10,29,0.049781484184581795,0.049781484184581795,0.0,0.0,9000071
10,30,0.0497814841845818,0.049781484184581795,6.938893903907228e-18,6.938893903907228e-12,9000072
10,31,0.0497814841845818,0.049781484184581795,6.938893903907228e-18,6.938893903907228e-12,9000073
10,32,0.049781484184581795,0.049781484184581795,0.0,0.0,9000074
10,33,0.049781484184581795,0.049781484184581795,0.0,0.0,9000075
10,34,0.049781484184581795,0.049781484184581795,0.0,0.0,9000076
10,35,0.049781484184581795,0.049781484184581795,0.0,0.0,9000077
10,36,0.0497814841845818,0.049781484184581795,6.938893903907228e-18,6.938893903907228e-12,9000078
10,37,0.0497814841845818,0.049781484184581795,6.938893903907228e-18,6.938893903907228e-12,9000079
10,38,0.049781484184581795,0.049781484184581795,0.0,0.0,9000080
10,39,0.0497814841845818,0.049781484184581795,6.938893903907228e-18,6.938893903907228e-12,9000081
10,40,0.0497814841845818,0.049781484184581795,6.938893903907228e-18,6.938893903907228e-12,9000082
10,41,0.049781484184581795,0.049781484184581795,0.0,0.0,9000083
10,42,0.049781484184581795,0.049781484184581795,0.0,0.0,9000084
10,43,0.049781484184581795,0.049781484184581795,0.0,0.0,9000085
10,44,0.0497814841845818,0.049781484184581795,6.938893903907228e-18,6.938893903907228e-12,9000086
10,45,0.049781484184581795,0.049781484184581795,0.0,0.0,9000087
10,46,0.049781484184581795,0.049781484184581795,0.0,0.0,9000088
10,47,0.049781484184581795,0.049781484184581795,0.0,0.0,9000089
10,48,0.049781484184581795,0.049781484184581795,0.0,0.0,9000090
10,49,0.049781484184581795,0.049781484184581795,0.0,0.0,9000091
10,50,0.049781484184581795,0.049781484184581795,0.0,0.0,9000092
10,51,0.049781484184581795,0.049781484184581795,0.0,0.0,9000093
10,52,0.049781484184581795,0.049781484184581795,0.0,0.0,9000094
10,53,0.049781484184581795,0.049781484184581795,0.0,0.0,9000095
10,54,0.049781484184581795,0.049781484184581795,0.0,0.0,9000096
10,55,0.049781484184581795,0.049781484184581795,0.0,0.0,9000097
10,56,0.0497814841845818,0.049781484184581795,6.938893903907228e-18,6.938893903907228e-12,9000098
10,57,0.049781484184581795,0.049781484184581795,0.0,0.0,9000099
10,58,0.0497814841845818,0.049781484184581795,6.938893903907228e-18,6.938893903907228e-12,9000100
10,59,0.049781484184581795,0.049781484184581795,0.0,0.0,9000101
10,60,0.0497814841845818,0.049781484184581795,6.938893903907228e-18,6.938893903907228e-12,9000102
10,61,0.049781484184581795,0.049781484184581795,0.0,0.0,9000103
10,62,0.0497814841845818,0.049781484184581795,6.938893903907228e-18,6.938893903907228e-12,9000104
10,63,0.049781484184581795,0.049781484184581795,0.0,0.0,9000105
10,64,0.0497814841845818,0.049781484184581795,6.938893903907228e-18,6.938893903907228e-12,9000106
10,65,0.049781484184581795,0.049781484184581795,0.0,0.0,9000107
10,66,0.0497814841845818,0.049781484184581795,6.938893903907228e-18,6.938893903907228e-12,9000108
10,67,0.0497814841845818,0.049781484184581795,6.938893903907228e-18,6.938893903907228e-12,9000109
10,68,0.0497814841845818,0.049781484184581795,6.938893903907228e-18,6.938893903907228e-12,9000110
10,69,0.049781484184581795,0.049781484184581795,0.0,0.0,9000111
10,70,0.049781484184581795,0.049781484184581795,0.0,0.0,9000112
10,71,0.0497814841845818,0.049781484184581795,6.938893903907228e-18,6.938893903907228e-12,9000113
10,72,0.049781484184581795,0.049781484184581795,0.0,0.0,9000114
10,73,0.0497814841845818,0.049781484184581795,6.938893903907228e-18,6.938893903907228e-12,9000115
10,74,0.049781484184581795,0.049781484184581795,0.0,0.0,9000116
10,75,0.0497814841845818,0.049781484184581795,6.938893903907228e-18,6.938893903907228e-12,9000117
10,76,0.049781484184581795,0.049781484184581795,0.0,0.0,9000118
10,77,0.049781484184581795,0.049781484184581795,0.0,0.0,9000119
10,78,0.0497814841845818,0.049781484184581795,6.938893903907228e-18,6.938893903907228e-12,9000120
10,79,0.049781484184581795,0.049781484184581795,0.0,0.0,9000121
10,80,0.049781484184581795,0.049781484184581795,0.0,0.0,9000122
10,81,0.049781484184581795,0.049781484184581795,0.0,0.0,9000123
10,82,0.049781484184581795,0.049781484184581795,0.0,0.0,9000124
10,83,0.049781484184581795,0.049781484184581795,0.0,0.0,9000125
10,84,0.0497814841845818,0.049781484184581795,6.938893903907228e-18,6.938893903907228e-12,9000126
10,85,0.049781484184581795,0.049781484184581795,0.0,0.0,9000127
10,86,0.049781484184581795,0.049781484184581795,0.0,0.0,9000128
10,87,0.0497814841845818,0.049781484184581795,6.938893903907228e-18,6.938893903907228e-12,9000129
10,88,0.049781484184581795,0.049781484184581795,0.0,0.0,9000130
10,89,0.0497814841845818,0.049781484184581795,6.938893903907228e-18,6.938893903907228e-12,9000131
10,90,0.049781484184581795,0.049781484184581795,0.0,0.0,9000132
10,91,0.0497814841845818,0.049781484184581795,6.938893903907228e-18,6.938893903907228e-12,9000133
10,92,0.0497814841845818,0.049781484184581795,6.938893903907228e-18,6.938893903907228e-12,9000134
10,93,0.049781484184581795,0.049781484184581795,0.0,0.0,9000135
10,94,0.049781484184581795,0.049781484184581795,0.0,0.0,9000136
10,95,0.049781484184581795,0.049781484184581795,0.0,0.0,9000137
10,96,0.049781484184581795,0.049781484184581795,0.0,0.0,9000138
10,97,0.049781484184581795,0.049781484184581795,0.0,0.0,9000139
10,98,0.049781484184581795,0.049781484184581795,0.0,0.0,9000140
10,99,0.0497814841845818,0.049781484184581795,6.938893903907228e-18,6.938893903907228e-12,9000141
10,100,0.0497814841845818,0.049781484184581795,6.938893903907228e-18,6.938893903907228e-12,9000142
10,101,0.049781484184581795,0.049781484184581795,0.0,0.0,9000143
10,102,0.049781484184581795,0.049781484184581795,0.0,0.0,9000144
10,103,0.0497814841845818,0.049781484184581795,6.938893903907228e-18,6.938893903907228e-12,9000145
10,104,0.049781484184581795,0.049781484184581795,0.0,0.0,9000146
10,105,0.0497814841845818,0.049781484184581795,6.938893903907228e-18,6.938893903907228e-12,9000147
10,106,0.049781484184581795,0.049781484184581795,0.0,0.0,9000148
10,107,0.049781484184581795,0.049781484184581795,0.0,0.0,9000149
10,108,0.0497814841845818,0.049781484184581795,6.938893903907228e-18,6.938893903907228e-12,9000150
10,109,0.049781484184581795,0.049781484184581795,0.0,0.0,9000151
10,110,0.049781484184581795,0.049781484184581795,0.0,0.0,9000152
10,111,0.0497814841845818,0.049781484184581795,6.938893903907228e-18,6.938893903907228e-12,9000153
10,112,0.0497814841845818,0.049781484184581795,6.938893903907228e-18,6.938893903907228e-12,9000154
10,113,0.0497814841845818,0.049781484184581795,6.938893903907228e-18,6.938893903907228e-12,9000155
10,114,0.0497814841845818,0.049781484184581795,6.938893903907228e-18,6.938893903907228e-12,9000156
10,115,0.049781484184581795,0.049781484184581795,0.0,0.0,9000157
10,116,0.0497814841845818,0.049781484184581795,6.938893903907228e-18,6.938893903907228e-12,9000158
10,117,0.049781484184581795,0.049781484184581795,0.0,0.0,9000159
10,118,0.049781484184581795,0.049781484184581795,0.0,0.0,9000160
10,119,0.049781484184581795,0.049781484184581795,0.0,0.0,9000161
10,120,0.049781484184581795,0.049781484184581795,0.0,0.0,9000162
10,121,0.049781484184581795,0.049781484184581795,0.0,0.0,9000163
10,122,0.0497814841845818,0.049781484184581795,6.938893903907228e-18,6.938893903907228e-12,9000164
10,123,0.0497814841845818,0.049781484184581795,6.938893903907228e-18,6.938893903907228e-12,9000165
10,124,0.0497814841845818,0.049781484184581795,6.938893903907228e-18,6.938893903907228e-12,9000166
10,125,0.049781484184581795,0.049781484184581795,0.0,0.0,9000167
10,126,0.0497814841845818,0.049781484184581795,6.938893903907228e-18,6.938893903907228e-12,9000168
10,127,0.049781484184581795,0.049781484184581795,0.0,0.0,9000169
10,128,0.0497814841845818,0.049781484184581795,6.938893903907228e-18,6.938893903907228e-12,9000170
10,129,0.049781484184581795,0.049781484184581795,0.0,0.0,9000171
10,130,0.049781484184581795,0.049781484184581795,0.0,0.0,9000172
10,131,0.0497814841845818,0.049781484184581795,6.938893903907228e-18,6.938893903907228e-12,9000173
10,132,0.049781484184581795,0.049781484184581795,0.0,0.0,9000174
10,133,0.049781484184581795,0.049781484184581795,0.0,0.0,9000175
10,134,0.0497814841845818,0.049781484184581795,6.938893903907228e-18,6.938893903907228e-12,9000176
10,135,0.049781484184581795,0.049781484184581795,0.0,0.0,9000177
10,136,0.0497814841845818,0.049781484184581795,6.938893903907228e-18,6.938893903907228e-12,9000178
10,137,0.049781484184581795,0.049781484184581795,0.0,0.0,9000179
10,138,0.0497814841845818,0.049781484184581795,6.938893903907228e-18,6.938893903907228e-12,9000180
10,139,0.049781484184581795,0.049781484184581795,0.0,0.0,9000181
10,140,0.0497814841845818,0.049781484184581795,6.938893903907228e-18,6.938893903907228e-12,9000182
10,141,0.049781484184581795,0.049781484184581795,0.0,0.0,9000183
10,142,0.049781484184581795,0.049781484184581795,0.0,0.0,9000184
10,143,0.0497814841845818,0.049781484184581795,6.938893903907228e-18,6.938893903907228e-12,9000185
10,144,0.0497814841845818,0.049781484184581795,6.938893903907228e-18,6.938893903907228e-12,9000186
10,145,0.049781484184581795,0.049781484184581795,0.0,0.0,9000187
10,146,0.049781484184581795,0.049781484184581795,0.0,0.0,9000188
10,147,0.049781484184581795,0.049781484184581795,0.0,0.0,9000189
10,148,0.0497814841845818,0.049781484184581795,6.938893903907228e-18,6.938893903907228e-12,9000190
10,149,0.0497814841845818,0.049781484184581795,6.938893903907228e-18,6.938893903907228e-12,9000191
10,150,0.049781484184581795,0.049781484184581795,0.0,0.0,9000192
10,151,0.049781484184581795,0.049781484184581795,0.0,0.0,9000193
10,152,0.0497814841845818,0.049781484184581795,6.938893903907228e-18,6.938893903907228e-12,9000194
10,153,0.049781484184581795,0.049781484184581795,0.0,0.0,9000195
10,154,0.049781484184581795,0.049781484184581795,0.0,0.0,9000196
10,155,0.049781484184581795,0.049781484184581795,0.0,0.0,9000197
10,156,0.049781484184581795,0.049781484184581795,0.0,0.0,9000198
10,157,0.049781484184581795,0.049781484184581795,0.0,0.0,9000199
10,158,0.049781484184581795,0.049781484184581795,0.0,0.0,9000200
10,159,0.0497814841845818,0.049781484184581795,6.938893903907228e-18,6.938893903907228e-12,9000201
10,160,0.049781484184581795,0.049781484184581795,0.0,0.0,9000202
10,161,0.0497814841845818,0.049781484184581795,6.938893903907228e-18,6.938893903907228e-12,9000203
10,162,0.0497814841845818,0.049781484184581795,6.938893903907228e-18,6.938893903907228e-12,9000204
10,163,0.049781484184581795,0.049781484184581795,0.0,0.0,9000205
10,164,0.049781484184581795,0.049781484184581795,0.0,0.0,9000206
10,165,0.049781484184581795,0.049781484184581795,0.0,0.0,9000207
10,166,0.049781484184581795,0.049781484184581795,0.0,0.0,9000208
10,167,0.049781484184581795,0.049781484184581795,0.0,0.0,9000209
10,168,0.049781484184581795,0.049781484184581795,0.0,0.0,9000210
10,169,0.049781484184581795,0.049781484184581795,0.0,0.0,9000211
10,170,0.0497814841845818,0.049781484184581795,6.938893903907228e-18,6.938893903907228e-12,9000212
10,171,0.049781484184581795,0.049781484184581795,0.0,0.0,9000213
10,172,0.049781484184581795,0.049781484184581795,0.0,0.0,9000214
10,173,0.049781484184581795,0.049781484184581795,0.0,0.0,9000215
10,174,0.049781484184581795,0.049781484184581795,0.0,0.0,9000216
10,175,0.049781484184581795,0.049781484184581795,0.0,0.0,9000217
10,176,0.049781484184581795,0.049781484184581795,0.0,0.0,9000218
10,177,0.0497814841845818,0.049781484184581795,6.938893903907228e-18,6.938893903907228e-12,9000219
10,178,0.0497814841845818,0.049781484184581795,6.938893903907228e-18,6.938893903907228e-12,9000220
10,179,0.049781484184581795,0.049781484184581795,0.0,0.0,9000221
10,180,0.049781484184581795,0.049781484184581795,0.0,0.0,9000222
10,181,0.049781484184581795,0.049781484184581795,0.0,0.0,9000223
10,182,0.049781484184581795,0.049781484184581795,0.0,0.0,9000224
10,183,0.049781484184581795,0.049781484184581795,0.0,0.0,9000225
10,184,0.0497814841845818,0.049781484184581795,6.938893903907228e-18,6.938893903907228e-12,9000226
10,185,0.0497814841845818,0.049781484184581795,6.938893903907228e-18,6.938893903907228e-12,9000227
10,186,0.049781484184581795,0.049781484184581795,0.0,0.0,9000228
10,187,0.049781484184581795,0.049781484184581795,0.0,0.0,9000229
10,188,0.049781484184581795,0.049781484184581795,0.0,0.0,9000230
10,189,0.049781484184581795,0.049781484184581795,0.0,0.0,9000231
10,190,0.049781484184581795,0.049781484184581795,0.0,0.0,9000232
10,191,0.0497814841845818,0.049781484184581795,6.938893903907228e-18,6.938893903907228e-12,9000233
10,192,0.0497814841845818,0.049781484184581795,6.938893903907228e-18,6.938893903907228e-12,9000234
10,193,0.049781484184581795,0.049781484184581795,0.0,0.0,9000235
10,194,0.0497814841845818,0.049781484184581795,6.938893903907228e-18,6.938893903907228e-12,9000236
10,195,0.0497814841845818,0.049781484184581795,6.938893903907228e-18,6.938893903907228e-12,9000237
10,196,0.049781484184581795,0.049781484184581795,0.0,0.0,9000238
10,197,0.049781484184581795,0.049781484184581795,0.0,0.0,9000239
10,198,0.0497814841845818,0.049781484184581795,6.938893903907228e-18,6.938893903907228e-12,9000240
10,199,0.049781484184581795,0.049781484184581795,0.0,0.0,9000241
10,200,0.049781484184581795,0.049781484184581795,0.0,0.0,9000242
10,201,0.049781484184581795,0.049781484184581795,0.0,0.0,9000243
10,202,0.049781484184581795,0.049781484184581795,0.0,0.0,9000244
10,203,0.0497814841845818,0.049781484184581795,6.938893903907228e-18,6.938893903907228e-12,9000245
10,204,0.049781484184581795,0.049781484184581795,0.0,0.0,9000246
10,205,0.0497814841845818,0.049781484184581795,6.938893903907228e-18,6.938893903907228e-12,9000247
10,206,0.049781484184581795,0.049781484184581795,0.0,0.0,9000248
10,207,0.049781484184581795,0.049781484184581795,0.0,0.0,9000249
10,208,0.049781484184581795,0.049781484184581795,0.0,0.0,9000250
10,209,0.049781484184581795,0.049781484184581795,0.0,0.0,9000251
10,210,0.0497814841845818,0.049781484184581795,6.938893903907228e-18,6.938893903907228e-12,9000252
10,211,0.049781484184581795,0.049781484184581795,0.0,0.0,9000253
10,212,0.0497814841845818,0.049781484184581795,6.938893903907228e-18,6.938893903907228e-12,9000254
10,213,0.049781484184581795,0.049781484184581795,0.0,0.0,9000255
10,214,0.0497814841845818,0.049781484184581795,6.938893903907228e-18,6.938893903907228e-12,9000256
10,215,0.049781484184581795,0.049781484184581795,0.0,0.0,9000257
10,216,0.049781484184581795,0.049781484184581795,0.0,0.0,9000258
10,217,0.049781484184581795,0.049781484184581795,0.0,0.0,9000259
10,218,0.049781484184581795,0.049781484184581795,0.0,0.0,9000260
10,219,0.049781484184581795,0.049781484184581795,0.0,0.0,9000261
10,220,0.049781484184581795,0.049781484184581795,0.0,0.0,9000262
10,221,0.049781484184581795,0.049781484184581795,0.0,0.0,9000263
10,222,0.0497814841845818,0.049781484184581795,6.938893903907228e-18,6.938893903907228e-12,9000264
10,223,0.0497814841845818,0.049781484184581795,6.938893903907228e-18,6.938893903907228e-12,9000265
10,224,0.049781484184581795,0.049781484184581795,0.0,0.0,9000266
10,225,0.049781484184581795,0.049781484184581795,0.0,0.0,9000267
10,226,0.049781484184581795,0.049781484184581795,0.0,0.0,9000268
10,227,0.049781484184581795,0.049781484184581795,0.0,0.0,9000269
10,228,0.049781484184581795,0.049781484184581795,0.0,0.0,9000270
10,229,0.0497814841845818,0.049781484184581795,6.938893903907228e-18,6.938893903907228e-12,9000271
10,230,0.049781484184581795,0.049781484184581795,0.0,0.0,9000272
10,231,0.0497814841845818,0.049781484184581795,6.938893903907228e-18,6.938893903907228e-12,9000273
10,232,0.049781484184581795,0.049781484184581795,0.0,0.0,9000274
10,233,0.049781484184581795,0.049781484184581795,0.0,0.0,9000275
10,234,0.049781484184581795,0.049781484184581795,0.0,0.0,9000276
10,235,0.049781484184581795,0.049781484184581795,0.0,0.0,9000277
10,236,0.049781484184581795,0.049781484184581795,0.0,0.0,9000278
10,237,0.0497814841845818,0.049781484184581795,6.938893903907228e-18,6.938893903907228e-12,9000279
10,238,0.0497814841845818,0.049781484184581795,6.938893903907228e-18,6.938893903907228e-12,9000280
10,239,0.0497814841845818,0.049781484184581795,6.938893903907228e-18,6.938893903907228e-12,9000281
10,240,0.049781484184581795,0.049781484184581795,0.0,0.0,9000282
10,241,0.049781484184581795,0.049781484184581795,0.0,0.0,9000283
10,242,0.049781484184581795,0.049781484184581795,0.0,0.0,9000284
10,243,0.049781484184581795,0.049781484184581795,0.0,0.0,9000285
10,244,0.049781484184581795,0.049781484184581795,0.0,0.0,9000286
10,245,0.0497814841845818,0.049781484184581795,6.938893903907228e-18,6.938893903907228e-12,9000287
10,246,0.049781484184581795,0.049781484184581795,0.0,0.0,9000288
10,247,0.049781484184581795,0.049781484184581795,0.0,0.0,9000289
10,248,0.049781484184581795,0.049781484184581795,0.0,0.0,9000290
10,249,0.049781484184581795,0.049781484184581795,0.0,0.0,9000291
10,250,0.049781484184581795,0.049781484184581795,0.0,0.0,9000292
10,251,0.049781484184581795,0.049781484184581795,0.0,0.0,9000293
10,252,0.049781484184581795,0.049781484184581795,0.0,0.0,9000294
10,253,0.049781484184581795,0.049781484184581795,0.0,0.0,9000295
10,254,0.049781484184581795,0.049781484184581795,0.0,0.0,9000296
10,255,0.049781484184581795,0.049781484184581795,0.0,0.0,9000297
10,256,0.049781484184581795,0.049781484184581795,0.0,0.0,9000298
10,257,0.049781484184581795,0.049781484184581795,0.0,0.0,9000299
10,258,0.049781484184581795,0.049781484184581795,0.0,0.0,9000300
10,259,0.049781484184581795,0.049781484184581795,0.0,0.0,9000301
10,260,0.049781484184581795,0.049781484184581795,0.0,0.0,9000302
10,261,0.0497814841845818,0.049781484184581795,6.938893903907228e-18,6.938893903907228e-12,9000303
10,262,0.049781484184581795,0.049781484184581795,0.0,0.0,9000304
10,263,0.049781484184581795,0.049781484184581795,0.0,0.0,9000305
10,264,0.0497814841845818,0.049781484184581795,6.938893903907228e-18,6.938893903907228e-12,9000306
10,265,0.049781484184581795,0.049781484184581795,0.0,0.0,9000307
10,266,0.049781484184581795,0.049781484184581795,0.0,0.0,9000308
10,267,0.049781484184581795,0.049781484184581795,0.0,0.0,9000309
10,268,0.0497814841845818,0.049781484184581795,6.938893903907228e-18,6.938893903907228e-12,9000310
10,269,0.049781484184581795,0.049781484184581795,0.0,0.0,9000311
10,270,0.049781484184581795,0.049781484184581795,0.0,0.0,9000312
10,271,0.049781484184581795,0.049781484184581795,0.0,0.0,9000313
10,272,0.0497814841845818,0.049781484184581795,6.938893903907228e-18,6.938893903907228e-12,9000314
10,273,0.0497814841845818,0.049781484184581795,6.938893903907228e-18,6.938893903907228e-12,9000315
10,274,0.049781484184581795,0.049781484184581795,0.0,0.0,9000316
10,275,0.049781484184581795,0.049781484184581795,0.0,0.0,9000317
10,276,0.049781484184581795,0.049781484184581795,0.0,0.0,9000318
10,277,0.0497814841845818,0.049781484184581795,6.938893903907228e-18,6.938893903907228e-12,9000319
10,278,0.049781484184581795,0.049781484184581795,0.0,0.0,9000320
10,279,0.0497814841845818,0.049781484184581795,6.938893903907228e-18,6.938893903907228e-12,9000321
10,280,0.0497814841845818,0.049781484184581795,6.938893903907228e-18,6.938893903907228e-12,9000322
10,281,0.049781484184581795,0.049781484184581795,0.0,0.0,9000323
10,282,0.049781484184581795,0.049781484184581795,0.0,0.0,9000324
10,283,0.049781484184581795,0.049781484184581795,0.0,0.0,9000325
10,284,0.049781484184581795,0.049781484184581795,0.0,0.0,9000326
10,285,0.049781484184581795,0.049781484184581795,0.0,0.0,9000327
10,286,0.0497814841845818,0.049781484184581795,6.938893903907228e-18,6.938893903907228e-12,9000328
10,287,0.049781484184581795,0.049781484184581795,0.0,0.0,9000329
10,288,0.049781484184581795,0.049781484184581795,0.0,0.0,9000330
10,289,0.049781484184581795,0.049781484184581795,0.0,0.0,9000331
10,290,0.049781484184581795,0.049781484184581795,0.0,0.0,9000332
10,291,0.0497814841845818,0.049781484184581795,6.938893903907228e-18,6.938893903907228e-12,9000333
10,292,0.0497814841845818,0.049781484184581795,6.938893903907228e-18,6.938893903907228e-12,9000334
10,293,0.049781484184581795,0.049781484184581795,0.0,0.0,9000335
10,294,0.049781484184581795,0.049781484184581795,0.0,0.0,9000336
10,295,0.049781484184581795,0.049781484184581795,0.0,0.0,9000337
10,296,0.0497814841845818,0.049781484184581795,6.938893903907228e-18,6.938893903907228e-12,9000338
10,297,0.0497814841845818,0.049781484184581795,6.938893903907228e-18,6.938893903907228e-12,9000339
10,298,0.049781484184581795,0.049781484184581795,0.0,0.0,9000340
10,299,0.0497814841845818,0.049781484184581795,6.938893903907228e-18,6.938893903907228e-12,9000341
10,300,0.049781484184581795,0.049781484184581795,0.0,0.0,9000342
10,301,0.049781484184581795,0.049781484184581795,0.0,0.0,9000343
10,302,0.0497814841845818,0.049781484184581795,6.938893903907228e-18,6.938893903907228e-12,9000344
10,303,0.049781484184581795,0.049781484184581795,0.0,0.0,9000345
10,304,0.0497814841845818,0.049781484184581795,6.938893903907228e-18,6.938893903907228e-12,9000346
10,305,0.049781484184581795,0.049781484184581795,0.0,0.0,9000347
10,306,0.0497814841845818,0.049781484184581795,6.938893903907228e-18,6.938893903907228e-12,9000348
10,307,0.0497814841845818,0.049781484184581795,6.938893903907228e-18,6.938893903907228e-12,9000349
10,308,0.049781484184581795,0.049781484184581795,0.0,0.0,9000350
10,309,0.049781484184581795,0.049781484184581795,0.0,0.0,9000351
10,310,0.0497814841845818,0.049781484184581795,6.938893903907228e-18,6.938893903907228e-12,9000352
10,311,0.049781484184581795,0.049781484184581795,0.0,0.0,9000353
10,312,0.049781484184581795,0.049781484184581795,0.0,0.0,9000354
10,313,0.049781484184581795,0.049781484184581795,0.0,0.0,9000355
10,314,0.049781484184581795,0.049781484184581795,0.0,0.0,9000356
10,315,0.049781484184581795,0.049781484184581795,0.0,0.0,9000357
10,316,0.0497814841845818,0.049781484184581795,6.938893903907228e-18,6.938893903907228e-12,9000358
10,317,0.049781484184581795,0.049781484184581795,0.0,0.0,9000359
10,318,0.049781484184581795,0.049781484184581795,0.0,0.0,9000360
10,319,0.049781484184581795,0.049781484184581795,0.0,0.0,9000361
10,320,0.0497814841845818,0.049781484184581795,6.938893903907228e-18,6.938893903907228e-12,9000362
10,321,0.049781484184581795,0.049781484184581795,0.0,0.0,9000363
10,322,0.049781484184581795,0.049781484184581795,0.0,0.0,9000364
10,323,0.049781484184581795,0.049781484184581795,0.0,0.0,9000365
10,324,0.049781484184581795,0.049781484184581795,0.0,0.0,9000366
10,325,0.0497814841845818,0.049781484184581795,6.938893903907228e-18,6.938893903907228e-12,9000367
10,326,0.049781484184581795,0.049781484184581795,0.0,0.0,9000368
10,327,0.049781484184581795,0.049781484184581795,0.0,0.0,9000369
10,328,0.0497814841845818,0.049781484184581795,6.938893903907228e-18,6.938893903907228e-12,9000370
10,329,0.049781484184581795,0.049781484184581795,0.0,0.0,9000371
10,330,0.049781484184581795,0.049781484184581795,0.0,0.0,9000372
10,331,0.049781484184581795,0.049781484184581795,0.0,0.0,9000373
10,332,0.049781484184581795,0.049781484184581795,0.0,0.0,9000374
10,333,0.049781484184581795,0.049781484184581795,0.0,0.0,9000375
10,334,0.049781484184581795,0.049781484184581795,0.0,0.0,9000376
10,335,0.0497814841845818,0.049781484184581795,6.938893903907228e-18,6.938893903907228e-12,9000377
10,336,0.049781484184581795,0.049781484184581795,0.0,0.0,9000378
10,337,0.049781484184581795,0.049781484184581795,0.0,0.0,9000379
10,338,0.049781484184581795,0.049781484184581795,0.0,0.0,9000380
10,339,0.049781484184581795,0.049781484184581795,0.0,0.0,9000381
10,340,0.049781484184581795,0.049781484184581795,0.0,0.0,9000382
10,341,0.049781484184581795,0.049781484184581795,0.0,0.0,9000383
10,342,0.049781484184581795,0.049781484184581795,0.0,0.0,9000384
10,343,0.0497814841845818,0.049781484184581795,6.938893903907228e-18,6.938893903907228e-12,9000385
10,344,0.0497814841845818,0.049781484184581795,6.938893903907228e-18,6.938893903907228e-12,9000386
10,345,0.049781484184581795,0.049781484184581795,0.0,0.0,9000387
10,346,0.049781484184581795,0.049781484184581795,0.0,0.0,9000388
10,347,0.049781484184581795,0.049781484184581795,0.0,0.0,9000389
10,348,0.0497814841845818,0.049781484184581795,6.938893903907228e-18,6.938893903907228e-12,9000390
10,349,0.0497814841845818,0.049781484184581795,6.938893903907228e-18,6.938893903907228e-12,9000391
10,350,0.0497814841845818,0.049781484184581795,6.938893903907228e-18,6.938893903907228e-12,9000392
10,351,0.0497814841845818,0.049781484184581795,6.938893903907228e-18,6.938893903907228e-12,9000393
10,352,0.0497814841845818,0.049781484184581795,6.938893903907228e-18,6.938893903907228e-12,9000394
10,353,0.049781484184581795,0.049781484184581795,0.0,0.0,9000395
10,354,0.0497814841845818,0.049781484184581795,6.938893903907228e-18,6.938893903907228e-12,9000396
10,355,0.049781484184581795,0.049781484184581795,0.0,0.0,9000397
10,356,0.049781484184581795,0.049781484184581795,0.0,0.0,9000398
10,357,0.049781484184581795,0.049781484184581795,0.0,0.0,9000399
10,358,0.049781484184581795,0.049781484184581795,0.0,0.0,9000400
10,359,0.049781484184581795,0.049781484184581795,0.0,0.0,9000401
10,360,0.049781484184581795,0.049781484184581795,0.0,0.0,9000402
10,361,0.049781484184581795,0.049781484184581795,0.0,0.0,9000403
10,362,0.0497814841845818,0.049781484184581795,6.938893903907228e-18,6.938893903907228e-12,9000404
10,363,0.049781484184581795,0.049781484184581795,0.0,0.0,9000405
10,364,0.049781484184581795,0.049781484184581795,0.0,0.0,9000406
10,365,0.049781484184581795,0.049781484184581795,0.0,0.0,9000407
10,366,0.049781484184581795,0.049781484184581795,0.0,0.0,9000408
10,367,0.0497814841845818,0.049781484184581795,6.938893903907228e-18,6.938893903907228e-12,9000409
10,368,0.049781484184581795,0.049781484184581795,0.0,0.0,9000410
10,369,0.049781484184581795,0.049781484184581795,0.0,0.0,9000411
10,370,0.049781484184581795,0.049781484184581795,0.0,0.0,9000412
10,371,0.0497814841845818,0.049781484184581795,6.938893903907228e-18,6.938893903907228e-12,9000413
10,372,0.0497814841845818,0.049781484184581795,6.938893903907228e-18,6.938893903907228e-12,9000414
10,373,0.049781484184581795,0.049781484184581795,0.0,0.0,9000415
10,374,0.0497814841845818,0.049781484184581795,6.938893903907228e-18,6.938893903907228e-12,9000416
10,375,0.0497814841845818,0.049781484184581795,6.938893903907228e-18,6.938893903907228e-12,9000417
10,376,0.049781484184581795,0.049781484184581795,0.0,0.0,9000418
10,377,0.049781484184581795,0.049781484184581795,0.0,0.0,9000419
10,378,0.049781484184581795,0.049781484184581795,0.0,0.0,9000420
10,379,0.049781484184581795,0.049781484184581795,0.0,0.0,9000421
10,380,0.0497814841845818,0.049781484184581795,6.938893903907228e-18,6.938893903907228e-12,9000422
10,381,0.049781484184581795,0.049781484184581795,0.0,0.0,9000423
10,382,0.049781484184581795,0.049781484184581795,0.0,0.0,9000424
10,383,0.049781484184581795,0.049781484184581795,0.0,0.0,9000425
10,384,0.049781484184581795,0.049781484184581795,0.0,0.0,9000426
10,385,0.0497814841845818,0.049781484184581795,6.938893903907228e-18,6.938893903907228e-12,9000427
10,386,0.0497814841845818,0.049781484184581795,6.938893903907228e-18,6.938893903907228e-12,9000428
10,387,0.049781484184581795,0.049781484184581795,0.0,0.0,9000429
10,388,0.049781484184581795,0.049781484184581795,0.0,0.0,9000430
10,389,0.049781484184581795,0.049781484184581795,0.0,0.0,9000431
10,390,0.049781484184581795,0.049781484184581795,0.0,0.0,9000432
10,391,0.049781484184581795,0.049781484184581795,0.0,0.0,9000433
10,392,0.049781484184581795,0.049781484184581795,0.0,0.0,9000434
10,393,0.049781484184581795,0.049781484184581795,0.0,0.0,9000435
10,394,0.0497814841845818,0.049781484184581795,6.938893903907228e-18,6.938893903907228e-12,9000436
10,395,0.049781484184581795,0.049781484184581795,0.0,0.0,9000437
10,396,0.049781484184581795,0.049781484184581795,0.0,0.0,9000438
10,397,0.049781484184581795,0.049781484184581795,0.0,0.0,9000439
10,398,0.049781484184581795,0.049781484184581795,0.0,0.0,9000440
10,399,0.049781484184581795,0.049781484184581795,0.0,0.0,9000441
10,400,0.0497814841845818,0.049781484184581795,6.938893903907228e-18,6.938893903907228e-12,9000442
10,401,0.049781484184581795,0.049781484184581795,0.0,0.0,9000443
10,402,0.049781484184581795,0.049781484184581795,0.0,0.0,9000444
10,403,0.049781484184581795,0.049781484184581795,0.0,0.0,9000445
10,404,0.0497814841845818,0.049781484184581795,6.938893903907228e-18,6.938893903907228e-12,9000446
10,405,0.0497814841845818,0.049781484184581795,6.938893903907228e-18,6.938893903907228e-12,9000447
10,406,0.049781484184581795,0.049781484184581795,0.0,0.0,9000448
10,407,0.049781484184581795,0.049781484184581795,0.0,0.0,9000449
10,408,0.049781484184581795,0.049781484184581795,0.0,0.0,9000450
10,409,0.049781484184581795,0.049781484184581795,0.0,0.0,9000451
10,410,0.049781484184581795,0.049781484184581795,0.0,0.0,9000452
10,411,0.049781484184581795,0.049781484184581795,0.0,0.0,9000453
10,412,0.049781484184581795,0.049781484184581795,0.0,0.0,9000454
10,413,0.049781484184581795,0.049781484184581795,0.0,0.0,9000455
10,414,0.049781484184581795,0.049781484184581795,0.0,0.0,9000456
10,415,0.049781484184581795,0.049781484184581795,0.0,0.0,9000457
10,416,0.049781484184581795,0.049781484184581795,0.0,0.0,9000458
10,417,0.049781484184581795,0.049781484184581795,0.0,0.0,9000459
10,418,0.049781484184581795,0.049781484184581795,0.0,0.0,9000460
10,419,0.0497814841845818,0.049781484184581795,6.938893903907228e-18,6.938893903907228e-12,9000461
10,420,0.0497814841845818,0.049781484184581795,6.938893903907228e-18,6.938893903907228e-12,9000462
10,421,0.049781484184581795,0.049781484184581795,0.0,0.0,9000463
10,422,0.0497814841845818,0.049781484184581795,6.938893903907228e-18,6.938893903907228e-12,9000464
10,423,0.049781484184581795,0.049781484184581795,0.0,0.0,9000465
10,424,0.049781484184581795,0.049781484184581795,0.0,0.0,9000466
10,425,0.049781484184581795,0.049781484184581795,0.0,0.0,9000467
10,426,0.049781484184581795,0.049781484184581795,0.0,0.0,9000468
10,427,0.049781484184581795,0.049781484184581795,0.0,0.0,9000469
10,428,0.049781484184581795,0.049781484184581795,0.0,0.0,9000470
10,429,0.0497814841845818,0.049781484184581795,6.938893903907228e-18,6.938893903907228e-12,9000471
10,430,0.049781484184581795,0.049781484184581795,0.0,0.0,9000472
10,431,0.049781484184581795,0.049781484184581795,0.0,0.0,9000473
10,432,0.049781484184581795,0.049781484184581795,0.0,0.0,9000474
10,433,0.049781484184581795,0.049781484184581795,0.0,0.0,9000475
10,434,0.049781484184581795,0.049781484184581795,0.0,0.0,9000476
10,435,0.049781484184581795,0.049781484184581795,0.0,0.0,9000477
10,436,0.049781484184581795,0.049781484184581795,0.0,0.0,9000478
10,437,0.0497814841845818,0.049781484184581795,6.938893903907228e-18,6.938893903907228e-12,9000479
10,438,0.049781484184581795,0.049781484184581795,0.0,0.0,9000480
10,439,0.0497814841845818,0.049781484184581795,6.938893903907228e-18,6.938893903907228e-12,9000481
10,440,0.0497814841845818,0.049781484184581795,6.938893903907228e-18,6.938893903907228e-12,9000482
10,441,0.0497814841845818,0.049781484184581795,6.938893903907228e-18,6.938893903907228e-12,9000483
10,442,0.049781484184581795,0.049781484184581795,0.0,0.0,9000484
10,443,0.0497814841845818,0.049781484184581795,6.938893903907228e-18,6.938893903907228e-12,9000485
10,444,0.049781484184581795,0.049781484184581795,0.0,0.0,9000486
10,445,0.0497814841845818,0.049781484184581795,6.938893903907228e-18,6.938893903907228e-12,9000487
10,446,0.049781484184581795,0.049781484184581795,0.0,0.0,9000488
10,447,0.0497814841845818,0.049781484184581795,6.938893903907228e-18,6.938893903907228e-12,9000489
10,448,0.0497814841845818,0.049781484184581795,6.938893903907228e-18,6.938893903907228e-12,9000490
10,449,0.049781484184581795,0.049781484184581795,0.0,0.0,9000491
10,450,0.0497814841845818,0.049781484184581795,6.938893903907228e-18,6.938893903907228e-12,9000492
10,451,0.0497814841845818,0.049781484184581795,6.938893903907228e-18,6.938893903907228e-12,9000493
10,452,0.0497814841845818,0.049781484184581795,6.938893903907228e-18,6.938893903907228e-12,9000494
10,453,0.049781484184581795,0.049781484184581795,0.0,0.0,9000495
10,454,0.049781484184581795,0.049781484184581795,0.0,0.0,9000496
10,455,0.049781484184581795,0.049781484184581795,0.0,0.0,9000497
10,456,0.0497814841845818,0.049781484184581795,6.938893903907228e-18,6.938893903907228e-12,9000498
10,457,0.049781484184581795,0.049781484184581795,0.0,0.0,9000499
10,458,0.049781484184581795,0.049781484184581795,0.0,0.0,9000500
10,459,0.049781484184581795,0.049781484184581795,0.0,0.0,9000501
10,460,0.049781484184581795,0.049781484184581795,0.0,0.0,9000502
10,461,0.0497814841845818,0.049781484184581795,6.938893903907228e-18,6.938893903907228e-12,9000503
10,462,0.049781484184581795,0.049781484184581795,0.0,0.0,9000504
10,463,0.049781484184581795,0.049781484184581795,0.0,0.0,9000505
10,464,0.0497814841845818,0.049781484184581795,6.938893903907228e-18,6.938893903907228e-12,9000506
10,465,0.049781484184581795,0.049781484184581795,0.0,0.0,9000507
10,466,0.049781484184581795,0.049781484184581795,0.0,0.0,9000508
10,467,0.049781484184581795,0.049781484184581795,0.0,0.0,9000509
10,468,0.049781484184581795,0.049781484184581795,0.0,0.0,9000510
10,469,0.0497814841845818,0.049781484184581795,6.938893903907228e-18,6.938893903907228e-12,9000511
10,470,0.049781484184581795,0.049781484184581795,0.0,0.0,9000512
10,471,0.049781484184581795,0.049781484184581795,0.0,0.0,9000513
10,472,0.049781484184581795,0.049781484184581795,0.0,0.0,9000514
10,473,0.0497814841845818,0.049781484184581795,6.938893903907228e-18,6.938893903907228e-12,9000515
10,474,0.049781484184581795,0.049781484184581795,0.0,0.0,9000516
10,475,0.0497814841845818,0.049781484184581795,6.938893903907228e-18,6.938893903907228e-12,9000517
10,476,0.049781484184581795,0.049781484184581795,0.0,0.0,9000518
10,477,0.049781484184581795,0.049781484184581795,0.0,0.0,9000519
10,478,0.049781484184581795,0.049781484184581795,0.0,0.0,9000520
10,479,0.0497814841845818,0.049781484184581795,6.938893903907228e-18,6.938893903907228e-12,9000521
10,480,0.049781484184581795,0.049781484184581795,0.0,0.0,9000522
10,481,0.049781484184581795,0.049781484184581795,0.0,0.0,9000523
10,482,0.049781484184581795,0.049781484184581795,0.0,0.0,9000524
10,483,0.049781484184581795,0.049781484184581795,0.0,0.0,9000525
10,484,0.0497814841845818,0.049781484184581795,6.938893903907228e-18,6.938893903907228e-12,9000526
10,485,0.049781484184581795,0.049781484184581795,0.0,0.0,9000527
10,486,0.0497814841845818,0.049781484184581795,6.938893903907228e-18,6.938893903907228e-12,9000528
10,487,0.049781484184581795,0.049781484184581795,0.0,0.0,9000529
10,488,0.0497814841845818,0.049781484184581795,6.938893903907228e-18,6.938893903907228e-12,9000530
10,489,0.049781484184581795,0.049781484184581795,0.0,0.0,9000531
10,490,0.049781484184581795,0.049781484184581795,0.0,0.0,9000532
10,491,0.0497814841845818,0.049781484184581795,6.938893903907228e-18,6.938893903907228e-12,9000533
10,492,0.0497814841845818,0.049781484184581795,6.938893903907228e-18,6.938893903907228e-12,9000534
10,493,0.049781484184581795,0.049781484184581795,0.0,0.0,9000535
10,494,0.0497814841845818,0.049781484184581795,6.938893903907228e-18,6.938893903907228e-12,9000536
10,495,0.0497814841845818,0.049781484184581795,6.938893903907228e-18,6.938893903907228e-12,9000537
10,496,0.0497814841845818,0.049781484184581795,6.938893903907228e-18,6.938893903907228e-12,9000538
10,497,0.049781484184581795,0.049781484184581795,0.0,0.0,9000539
10,498,0.0497814841845818,0.049781484184581795,6.938893903907228e-18,6.938893903907228e-12,9000540
10,499,0.049781484184581795,0.049781484184581795,0.0,0.0,9000541
15,0,0.049781484184581795,0.049781484184581795,0.0,0.0,9500042
15,1,0.049781484184581795,0.049781484184581795,0.0,0.0,9500043
15,2,0.049781484184581795,0.049781484184581795,0.0,0.0,9500044
15,3,0.049781484184581795,0.049781484184581795,0.0,0.0,9500045
15,4,0.049781484184581795,0.049781484184581795,0.0,0.0,9500046
15,5,0.0497814841845818,0.049781484184581795,6.938893903907228e-18,6.938893903907228e-12,9500047
15,6,0.049781484184581795,0.049781484184581795,0.0,0.0,9500048
15,7,0.049781484184581795,0.049781484184581795,0.0,0.0,9500049
15,8,0.049781484184581795,0.049781484184581795,0.0,0.0,9500050
15,9,0.049781484184581795,0.049781484184581795,0.0,0.0,9500051
15,10,0.0497814841845818,0.049781484184581795,6.938893903907228e-18,6.938893903907228e-12,9500052
15,11,0.049781484184581795,0.049781484184581795,0.0,0.0,9500053
15,12,0.0497814841845818,0.049781484184581795,6.938893903907228e-18,6.938893903907228e-12,9500054
15,13,0.049781484184581795,0.049781484184581795,0.0,0.0,9500055
15,14,0.049781484184581795,0.049781484184581795,0.0,0.0,9500056
15,15,0.049781484184581795,0.049781484184581795,0.0,0.0,9500057
15,16,0.0497814841845818,0.049781484184581795,6.938893903907228e-18,6.938893903907228e-12,9500058
15,17,0.049781484184581795,0.049781484184581795,0.0,0.0,9500059
15,18,0.0497814841845818,0.049781484184581795,6.938893903907228e-18,6.938893903907228e-12,9500060
15,19,0.049781484184581795,0.049781484184581795,0.0,0.0,9500061
15,20,0.0497814841845818,0.049781484184581795,6.938893903907228e-18,6.938893903907228e-12,9500062
15,21,0.049781484184581795,0.049781484184581795,0.0,0.0,9500063
15,22,0.049781484184581795,0.049781484184581795,0.0,0.0,9500064
15,23,0.049781484184581795,0.049781484184581795,0.0,0.0,9500065
15,24,0.049781484184581795,0.049781484184581795,0.0,0.0,9500066
15,25,0.049781484184581795,0.049781484184581795,0.0,0.0,9500067
15,26,0.049781484184581795,0.049781484184581795,0.0,0.0,9500068
15,27,0.049781484184581795,0.049781484184581795,0.0,0.0,9500069
15,28,0.049781484184581795,0.049781484184581795,0.0,0.0,9500070
15,29,0.049781484184581795,0.049781484184581795,0.0,0.0,9500071
15,30,0.049781484184581795,0.049781484184581795,0.0,0.0,9500072
15,31,0.049781484184581795,0.049781484184581795,0.0,0.0,9500073
15,32,0.0497814841845818,0.049781484184581795,6.938893903907228e-18,6.938893903907228e-12,9500074
15,33,0.0497814841845818,0.049781484184581795,6.938893903907228e-18,6.938893903907228e-12,9500075
15,34,0.049781484184581795,0.049781484184581795,0.0,0.0,9500076
15,35,0.0497814841845818,0.049781484184581795,6.938893903907228e-18,6.938893903907228e-12,9500077
15,36,0.049781484184581795,0.049781484184581795,0.0,0.0,9500078
15,37,0.049781484184581795,0.049781484184581795,0.0,0.0,9500079
15,38,0.049781484184581795,0.049781484184581795,0.0,0.0,9500080
15,39,0.049781484184581795,0.049781484184581795,0.0,0.0,9500081
15,40,0.0497814841845818,0.049781484184581795,6.938893903907228e-18,6.938893903907228e-12,9500082
15,41,0.049781484184581795,0.049781484184581795,0.0,0.0,9500083
15,42,0.049781484184581795,0.049781484184581795,0.0,0.0,9500084
15,43,0.049781484184581795,0.049781484184581795,0.0,0.0,9500085
15,44,0.049781484184581795,0.049781484184581795,0.0,0.0,9500086
15,45,0.049781484184581795,0.049781484184581795,0.0,0.0,9500087
15,46,0.049781484184581795,0.049781484184581795,0.0,0.0,9500088
15,47,0.049781484184581795,0.049781484184581795,0.0,0.0,9500089
15,48,0.049781484184581795,0.049781484184581795,0.0,0.0,9500090
15,49,0.0497814841845818,0.049781484184581795,6.938893903907228e-18,6.938893903907228e-12,9500091
15,50,0.0497814841845818,0.049781484184581795,6.938893903907228e-18,6.938893903907228e-12,9500092
15,51,0.049781484184581795,0.049781484184581795,0.0,0.0,9500093
15,52,0.0497814841845818,0.049781484184581795,6.938893903907228e-18,6.938893903907228e-12,9500094
15,53,0.049781484184581795,0.049781484184581795,0.0,0.0,9500095
15,54,0.0497814841845818,0.049781484184581795,6.938893903907228e-18,6.938893903907228e-12,9500096
15,55,0.049781484184581795,0.049781484184581795,0.0,0.0,9500097
15,56,0.049781484184581795,0.049781484184581795,0.0,0.0,9500098
15,57,0.0497814841845818,0.049781484184581795,6.938893903907228e-18,6.938893903907228e-12,9500099
15,58,0.049781484184581795,0.049781484184581795,0.0,0.0,9500100
15,59,0.049781484184581795,0.049781484184581795,0.0,0.0,9500101
15,60,0.0497814841845818,0.049781484184581795,6.938893903907228e-18,6.938893903907228e-12,9500102
15,61,0.049781484184581795,0.049781484184581795,0.0,0.0,9500103
15,62,0.0497814841845818,0.049781484184581795,6.938893903907228e-18,6.938893903907228e-12,9500104
15,63,0.0497814841845818,0.049781484184581795,6.938893903907228e-18,6.938893903907228e-12,9500105
15,64,0.049781484184581795,0.049781484184581795,0.0,0.0,9500106
15,65,0.049781484184581795,0.049781484184581795,0.0,0.0,9500107
15,66,0.049781484184581795,0.049781484184581795,0.0,0.0,9500108
15,67,0.0497814841845818,0.049781484184581795,6.938893903907228e-18,6.938893903907228e-12,9500109
15,68,0.049781484184581795,0.049781484184581795,0.0,0.0,9500110
15,69,0.049781484184581795,0.049781484184581795,0.0,0.0,9500111
15,70,0.049781484184581795,0.049781484184581795,0.0,0.0,9500112
15,71,0.049781484184581795,0.049781484184581795,0.0,0.0,9500113
15,72,0.0497814841845818,0.049781484184581795,6.938893903907228e-18,6.938893903907228e-12,9500114
15,73,0.0497814841845818,0.049781484184581795,6.938893903907228e-18,6.938893903907228e-12,9500115
15,74,0.049781484184581795,0.049781484184581795,0.0,0.0,9500116
15,75,0.049781484184581795,0.049781484184581795,0.0,0.0,9500117
15,76,0.049781484184581795,0.049781484184581795,0.0,0.0,9500118
15,77,0.049781484184581795,0.049781484184581795,0.0,0.0,9500119
15,78,0.0497814841845818,0.049781484184581795,6.938893903907228e-18,6.938893903907228e-12,9500120
15,79,0.049781484184581795,0.049781484184581795,0.0,0.0,9500121
15,80,0.0497814841845818,0.049781484184581795,6.938893903907228e-18,6.938893903907228e-12,9500122
15,81,0.049781484184581795,0.049781484184581795,0.0,0.0,9500123
15,82,0.049781484184581795,0.049781484184581795,0.0,0.0,9500124
15,83,0.049781484184581795,0.049781484184581795,0.0,0.0,9500125
15,84,0.049781484184581795,0.049781484184581795,0.0,0.0,9500126
15,85,0.049781484184581795,0.049781484184581795,0.0,0.0,9500127
15,86,0.0497814841845818,0.049781484184581795,6.938893903907228e-18,6.938893903907228e-12,9500128
15,87,0.049781484184581795,0.049781484184581795,0.0,0.0,9500129
15,88,0.049781484184581795,0.049781484184581795,0.0,0.0,9500130
15,89,0.0497814841845818,0.049781484184581795,6.938893903907228e-18,6.938893903907228e-12,9500131
15,90,0.049781484184581795,0.049781484184581795,0.0,0.0,9500132
15,91,0.0497814841845818,0.049781484184581795,6.938893903907228e-18,6.938893903907228e-12,9500133
15,92,0.049781484184581795,0.049781484184581795,0.0,0.0,9500134
15,93,0.049781484184581795,0.049781484184581795,0.0,0.0,9500135
15,94,0.049781484184581795,0.049781484184581795,0.0,0.0,9500136
15,95,0.049781484184581795,0.049781484184581795,0.0,0.0,9500137
15,96,0.049781484184581795,0.049781484184581795,0.0,0.0,9500138
15,97,0.049781484184581795,0.049781484184581795,0.0,0.0,9500139
15,98,0.049781484184581795,0.049781484184581795,0.0,0.0,9500140
15,99,0.049781484184581795,0.049781484184581795,0.0,0.0,9500141
15,100,0.049781484184581795,0.049781484184581795,0.0,0.0,9500142
15,101,0.049781484184581795,0.049781484184581795,0.0,0.0,9500143
15,102,0.049781484184581795,0.049781484184581795,0.0,0.0,9500144
15,103,0.049781484184581795,0.049781484184581795,0.0,0.0,9500145
15,104,0.049781484184581795,0.049781484184581795,0.0,0.0,9500146
15,105,0.0497814841845818,0.049781484184581795,6.938893903907228e-18,6.938893903907228e-12,9500147
15,106,0.0497814841845818,0.049781484184581795,6.938893903907228e-18,6.938893903907228e-12,9500148
15,107,0.049781484184581795,0.049781484184581795,0.0,0.0,9500149
15,108,0.049781484184581795,0.049781484184581795,0.0,0.0,9500150
15,109,0.049781484184581795,0.049781484184581795,0.0,0.0,9500151
15,110,0.049781484184581795,0.049781484184581795,0.0,0.0,9500152
15,111,0.0497814841845818,0.049781484184581795,6.938893903907228e-18,6.938893903907228e-12,9500153
15,112,0.0497814841845818,0.049781484184581795,6.938893903907228e-18,6.938893903907228e-12,9500154
15,113,0.0497814841845818,0.049781484184581795,6.938893903907228e-18,6.938893903907228e-12,9500155
15,114,0.049781484184581795,0.049781484184581795,0.0,0.0,9500156
15,115,0.049781484184581795,0.049781484184581795,0.0,0.0,9500157
15,116,0.0497814841845818,0.049781484184581795,6.938893903907228e-18,6.938893903907228e-12,9500158
15,117,0.049781484184581795,0.049781484184581795,0.0,0.0,9500159
15,118,0.049781484184581795,0.049781484184581795,0.0,0.0,9500160
15,119,0.049781484184581795,0.049781484184581795,0.0,0.0,9500161
15,120,0.049781484184581795,0.049781484184581795,0.0,0.0,9500162
15,121,0.0497814841845818,0.049781484184581795,6.938893903907228e-18,6.938893903907228e-12,9500163
15,122,0.0497814841845818,0.049781484184581795,6.938893903907228e-18,6.938893903907228e-12,9500164
15,123,0.049781484184581795,0.049781484184581795,0.0,0.0,9500165
15,124,0.0497814841845818,0.049781484184581795,6.938893903907228e-18,6.938893903907228e-12,9500166
15,125,0.049781484184581795,0.049781484184581795,0.0,0.0,9500167
15,126,0.049781484184581795,0.049781484184581795,0.0,0.0,9500168
15,127,0.0497814841845818,0.049781484184581795,6.938893903907228e-18,6.938893903907228e-12,9500169
15,128,0.049781484184581795,0.049781484184581795,0.0,0.0,9500170
15,129,0.0497814841845818,0.049781484184581795,6.938893903907228e-18,6.938893903907228e-12,9500171
15,130,0.0497814841845818,0.049781484184581795,6.938893903907228e-18,6.938893903907228e-12,9500172
15,131,0.049781484184581795,0.049781484184581795,0.0,0.0,9500173
15,132,0.0497814841845818,0.049781484184581795,6.938893903907228e-18,6.938893903907228e-12,9500174
15,133,0.049781484184581795,0.049781484184581795,0.0,0.0,9500175
15,134,0.049781484184581795,0.049781484184581795,0.0,0.0,9500176
15,135,0.0497814841845818,0.049781484184581795,6.938893903907228e-18,6.938893903907228e-12,9500177
15,136,0.049781484184581795,0.049781484184581795,0.0,0.0,9500178
15,137,0.0497814841845818,0.049781484184581795,6.938893903907228e-18,6.938893903907228e-12,9500179
15,138,0.0497814841845818,0.049781484184581795,6.938893903907228e-18,6.938893903907228e-12,9500180
15,139,0.049781484184581795,0.049781484184581795,0.0,0.0,9500181
15,140,0.049781484184581795,0.049781484184581795,0.0,0.0,9500182
15,141,0.049781484184581795,0.049781484184581795,0.0,0.0,9500183
15,142,0.0497814841845818,0.049781484184581795,6.938893903907228e-18,6.938893903907228e-12,9500184
15,143,0.049781484184581795,0.049781484184581795,0.0,0.0,9500185
15,144,0.0497814841845818,0.049781484184581795,6.938893903907228e-18,6.938893903907228e-12,9500186
15,145,0.049781484184581795,0.049781484184581795,0.0,0.0,9500187
15,146,0.049781484184581795,0.049781484184581795,0.0,0.0,9500188
15,147,0.0497814841845818,0.049781484184581795,6.938893903907228e-18,6.938893903907228e-12,9500189
15,148,0.049781484184581795,0.049781484184581795,0.0,0.0,9500190
15,149,0.049781484184581795,0.049781484184581795,0.0,0.0,9500191
15,150,0.049781484184581795,0.049781484184581795,0.0,0.0,9500192
15,151,0.049781484184581795,0.049781484184581795,0.0,0.0,9500193
15,152,0.049781484184581795,0.049781484184581795,0.0,0.0,9500194
15,153,0.049781484184581795,0.049781484184581795,0.0,0.0,9500195
15,154,0.049781484184581795,0.049781484184581795,0.0,0.0,9500196
15,155,0.049781484184581795,0.049781484184581795,0.0,0.0,9500197
15,156,0.049781484184581795,0.049781484184581795,0.0,0.0,9500198
15,157,0.0497814841845818,0.049781484184581795,6.938893903907228e-18,6.938893903907228e-12,9500199
15,158,0.049781484184581795,0.049781484184581795,0.0,0.0,9500200
15,159,0.049781484184581795,0.049781484184581795,0.0,0.0,9500201
15,160,0.0497814841845818,0.049781484184581795,6.938893903907228e-18,6.938893903907228e-12,9500202
15,161,0.0497814841845818,0.049781484184581795,6.938893903907228e-18,6.938893903907228e-12,9500203
15,162,0.049781484184581795,0.049781484184581795,0.0,0.0,9500204
15,163,0.049781484184581795,0.049781484184581795,0.0,0.0,9500205
15,164,0.049781484184581795,0.049781484184581795,0.0,0.0,9500206
15,165,0.049781484184581795,0.049781484184581795,0.0,0.0,9500207
15,166,0.0497814841845818,0.049781484184581795,6.938893903907228e-18,6.938893903907228e-12,9500208
15,167,0.0497814841845818,0.049781484184581795,6.938893903907228e-18,6.938893903907228e-12,9500209
15,168,0.049781484184581795,0.049781484184581795,0.0,0.0,9500210
15,169,0.0497814841845818,0.049781484184581795,6.938893903907228e-18,6.938893903907228e-12,9500211
15,170,0.049781484184581795,0.049781484184581795,0.0,0.0,9500212
15,171,0.049781484184581795,0.049781484184581795,0.0,0.0,9500213
15,172,0.049781484184581795,0.049781484184581795,0.0,0.0,9500214
15,173,0.0497814841845818,0.049781484184581795,6.938893903907228e-18,6.938893903907228e-12,9500215
15,174,0.049781484184581795,0.049781484184581795,0.0,0.0,9500216
15,175,0.049781484184581795,0.049781484184581795,0.0,0.0,9500217
15,176,0.049781484184581795,0.049781484184581795,0.0,0.0,9500218
15,177,0.049781484184581795,0.049781484184581795,0.0,0.0,9500219
15,178,0.049781484184581795,0.049781484184581795,0.0,0.0,9500220
15,179,0.0497814841845818,0.049781484184581795,6.938893903907228e-18,6.938893903907228e-12,9500221
15,180,0.0497814841845818,0.049781484184581795,6.938893903907228e-18,6.938893903907228e-12,9500222
15,181,0.049781484184581795,0.049781484184581795,0.0,0.0,9500223
15,182,0.049781484184581795,0.049781484184581795,0.0,0.0,9500224
15,183,0.0497814841845818,0.049781484184581795,6.938893903907228e-18,6.938893903907228e-12,9500225
15,184,0.049781484184581795,0.049781484184581795,0.0,0.0,9500226
15,185,0.0497814841845818,0.049781484184581795,6.938893903907228e-18,6.938893903907228e-12,9500227
15,186,0.049781484184581795,0.049781484184581795,0.0,0.0,9500228
15,187,0.0497814841845818,0.049781484184581795,6.938893903907228e-18,6.938893903907228e-12,9500229
15,188,0.049781484184581795,0.049781484184581795,0.0,0.0,9500230
15,189,0.049781484184581795,0.049781484184581795,0.0,0.0,9500231
15,190,0.049781484184581795,0.049781484184581795,0.0,0.0,9500232
15,191,0.049781484184581795,0.049781484184581795,0.0,0.0,9500233
15,192,0.049781484184581795,0.049781484184581795,0.0,0.0,9500234
15,193,0.049781484184581795,0.049781484184581795,0.0,0.0,9500235
15,194,0.049781484184581795,0.049781484184581795,0.0,0.0,9500236
15,195,0.049781484184581795,0.049781484184581795,0.0,0.0,9500237
15,196,0.049781484184581795,0.049781484184581795,0.0,0.0,9500238
15,197,0.0497814841845818,0.049781484184581795,6.938893903907228e-18,6.938893903907228e-12,9500239
15,198,0.0497814841845818,0.049781484184581795,6.938893903907228e-18,6.938893903907228e-12,9500240
15,199,0.049781484184581795,0.049781484184581795,0.0,0.0,9500241
15,200,0.049781484184581795,0.049781484184581795,0.0,0.0,9500242
15,201,0.049781484184581795,0.049781484184581795,0.0,0.0,9500243
15,202,0.0497814841845818,0.049781484184581795,6.938893903907228e-18,6.938893903907228e-12,9500244
15,203,0.049781484184581795,0.049781484184581795,0.0,0.0,9500245
15,204,0.0497814841845818,0.049781484184581795,6.938893903907228e-18,6.938893903907228e-12,9500246
15,205,0.049781484184581795,0.049781484184581795,0.0,0.0,9500247
15,206,0.049781484184581795,0.049781484184581795,0.0,0.0,9500248
15,207,0.049781484184581795,0.049781484184581795,0.0,0.0,9500249
15,208,0.049781484184581795,0.049781484184581795,0.0,0.0,9500250
15,209,0.0497814841845818,0.049781484184581795,6.938893903907228e-18,6.938893903907228e-12,9500251
15,210,0.049781484184581795,0.049781484184581795,0.0,0.0,9500252
15,211,0.049781484184581795,0.049781484184581795,0.0,0.0,9500253
15,212,0.0497814841845818,0.049781484184581795,6.938893903907228e-18,6.938893903907228e-12,9500254
15,213,0.0497814841845818,0.049781484184581795,6.938893903907228e-18,6.938893903907228e-12,9500255
15,214,0.049781484184581795,0.049781484184581795,0.0,0.0,9500256
15,215,0.0497814841845818,0.049781484184581795,6.938893903907228e-18,6.938893903907228e-12,9500257
15,216,0.049781484184581795,0.049781484184581795,0.0,0.0,9500258
15,217,0.049781484184581795,0.049781484184581795,0.0,0.0,9500259
15,218,0.049781484184581795,0.049781484184581795,0.0,0.0,9500260
15,219,0.0497814841845818,0.049781484184581795,6.938893903907228e-18,6.938893903907228e-12,9500261
15,220,0.049781484184581795,0.049781484184581795,0.0,0.0,9500262
15,221,0.0497814841845818,0.049781484184581795,6.938893903907228e-18,6.938893903907228e-12,9500263
15,222,0.049781484184581795,0.049781484184581795,0.0,0.0,9500264
15,223,0.0497814841845818,0.049781484184581795,6.938893903907228e-18,6.938893903907228e-12,9500265
15,224,0.049781484184581795,0.049781484184581795,0.0,0.0,9500266
15,225,0.0497814841845818,0.049781484184581795,6.938893903907228e-18,6.938893903907228e-12,9500267
15,226,0.0497814841845818,0.049781484184581795,6.938893903907228e-18,6.938893903907228e-12,9500268
15,227,0.049781484184581795,0.049781484184581795,0.0,0.0,9500269
15,228,0.049781484184581795,0.049781484184581795,0.0,0.0,9500270
15,229,0.049781484184581795,0.049781484184581795,0.0,0.0,9500271
15,230,0.049781484184581795,0.049781484184581795,0.0,0.0,9500272
15,231,0.049781484184581795,0.049781484184581795,0.0,0.0,9500273
15,232,0.0497814841845818,0.049781484184581795,6.938893903907228e-18,6.938893903907228e-12,9500274
15,233,0.049781484184581795,0.049781484184581795,0.0,0.0,9500275
15,234,0.049781484184581795,0.049781484184581795,0.0,0.0,9500276
15,235,0.049781484184581795,0.049781484184581795,0.0,0.0,9500277
15,236,0.049781484184581795,0.049781484184581795,0.0,0.0,9500278
15,237,0.049781484184581795,0.049781484184581795,0.0,0.0,9500279
15,238,0.049781484184581795,0.049781484184581795,0.0,0.0,9500280
15,239,0.049781484184581795,0.049781484184581795,0.0,0.0,9500281
15,240,0.049781484184581795,0.049781484184581795,0.0,0.0,9500282
15,241,0.049781484184581795,0.049781484184581795,0.0,0.0,9500283
15,242,0.0497814841845818,0.049781484184581795,6.938893903907228e-18,6.938893903907228e-12,9500284
15,243,0.0497814841845818,0.049781484184581795,6.938893903907228e-18,6.938893903907228e-12,9500285
15,244,0.049781484184581795,0.049781484184581795,0.0,0.0,9500286
15,245,0.049781484184581795,0.049781484184581795,0.0,0.0,9500287
15,246,0.049781484184581795,0.049781484184581795,0.0,0.0,9500288
15,247,0.0497814841845818,0.049781484184581795,6.938893903907228e-18,6.938893903907228e-12,9500289
15,248,0.049781484184581795,0.049781484184581795,0.0,0.0,9500290
15,249,0.049781484184581795,0.049781484184581795,0.0,0.0,9500291
15,250,0.049781484184581795,0.049781484184581795,0.0,0.0,9500292
15,251,0.049781484184581795,0.049781484184581795,0.0,0.0,9500293
15,252,0.0497814841845818,0.049781484184581795,6.938893903907228e-18,6.938893903907228e-12,9500294
15,253,0.0497814841845818,0.049781484184581795,6.938893903907228e-18,6.938893903907228e-12,9500295
15,254,0.049781484184581795,0.049781484184581795,0.0,0.0,9500296
15,255,0.0497814841845818,0.049781484184581795,6.938893903907228e-18,6.938893903907228e-12,9500297
15,256,0.049781484184581795,0.049781484184581795,0.0,0.0,9500298
15,257,0.049781484184581795,0.049781484184581795,0.0,0.0,9500299
15,258,0.049781484184581795,0.049781484184581795,0.0,0.0,9500300
15,259,0.049781484184581795,0.049781484184581795,0.0,0.0,9500301
15,260,0.0497814841845818,0.049781484184581795,6.938893903907228e-18,6.938893903907228e-12,9500302
15,261,0.0497814841845818,0.049781484184581795,6.938893903907228e-18,6.938893903907228e-12,9500303
15,262,0.0497814841845818,0.049781484184581795,6.938893903907228e-18,6.938893903907228e-12,9500304
15,263,0.0497814841845818,0.049781484184581795,6.938893903907228e-18,6.938893903907228e-12,9500305
15,264,0.049781484184581795,0.049781484184581795,0.0,0.0,9500306
15,265,0.0497814841845818,0.049781484184581795,6.938893903907228e-18,6.938893903907228e-12,9500307
15,266,0.049781484184581795,0.049781484184581795,0.0,0.0,9500308
15,267,0.0497814841845818,0.049781484184581795,6.938893903907228e-18,6.938893903907228e-12,9500309
15,268,0.049781484184581795,0.049781484184581795,0.0,0.0,9500310
15,269,0.049781484184581795,0.049781484184581795,0.0,0.0,9500311
15,270,0.0497814841845818,0.049781484184581795,6.938893903907228e-18,6.938893903907228e-12,9500312
15,271,0.049781484184581795,0.049781484184581795,0.0,0.0,9500313
15,272,0.0497814841845818,0.049781484184581795,6.938893903907228e-18,6.938893903907228e-12,9500314
15,273,0.049781484184581795,0.049781484184581795,0.0,0.0,9500315
15,274,0.049781484184581795,0.049781484184581795,0.0,0.0,9500316
15,275,0.049781484184581795,0.049781484184581795,0.0,0.0,9500317
15,276,0.0497814841845818,0.049781484184581795,6.938893903907228e-18,6.938893903907228e-12,9500318
15,277,0.049781484184581795,0.049781484184581795,0.0,0.0,9500319
15,278,0.0497814841845818,0.049781484184581795,6.938893903907228e-18,6.938893903907228e-12,9500320
15,279,0.049781484184581795,0.049781484184581795,0.0,0.0,9500321
15,280,0.0497814841845818,0.049781484184581795,6.938893903907228e-18,6.938893903907228e-12,9500322
15,281,0.049781484184581795,0.049781484184581795,0.0,0.0,9500323
15,282,0.0497814841845818,0.049781484184581795,6.938893903907228e-18,6.938893903907228e-12,9500324
15,283,0.0497814841845818,0.049781484184581795,6.938893903907228e-18,6.938893903907228e-12,9500325
15,284,0.049781484184581795,0.049781484184581795,0.0,0.0,9500326
15,285,0.0497814841845818,0.049781484184581795,6.938893903907228e-18,6.938893903907228e-12,9500327
15,286,0.049781484184581795,0.049781484184581795,0.0,0.0,9500328
15,287,0.049781484184581795,0.049781484184581795,0.0,0.0,9500329
15,288,0.049781484184581795,0.049781484184581795,0.0,0.0,9500330
15,289,0.049781484184581795,0.049781484184581795,0.0,0.0,9500331
15,290,0.049781484184581795,0.049781484184581795,0.0,0.0,9500332
15,291,0.049781484184581795,0.049781484184581795,0.0,0.0,9500333
15,292,0.0497814841845818,0.049781484184581795,6.938893903907228e-18,6.938893903907228e-12,9500334
15,293,0.049781484184581795,0.049781484184581795,0.0,0.0,9500335
15,294,0.049781484184581795,0.049781484184581795,0.0,0.0,9500336
15,295,0.0497814841845818,0.049781484184581795,6.938893903907228e-18,6.938893903907228e-12,9500337
15,296,0.049781484184581795,0.049781484184581795,0.0,0.0,9500338
15,297,0.0497814841845818,0.049781484184581795,6.938893903907228e-18,6.938893903907228e-12,9500339
15,298,0.0497814841845818,0.049781484184581795,6.938893903907228e-18,6.938893903907228e-12,9500340
15,299,0.049781484184581795,0.049781484184581795,0.0,0.0,9500341
15,300,0.049781484184581795,0.049781484184581795,0.0,0.0,9500342
15,301,0.0497814841845818,0.049781484184581795,6.938893903907228e-18,6.938893903907228e-12,9500343
15,302,0.049781484184581795,0.049781484184581795,0.0,0.0,9500344
15,303,0.049781484184581795,0.049781484184581795,0.0,0.0,9500345
15,304,0.049781484184581795,0.049781484184581795,0.0,0.0,9500346
15,305,0.049781484184581795,0.049781484184581795,0.0,0.0,9500347
15,306,0.049781484184581795,0.049781484184581795,0.0,0.0,9500348
15,307,0.049781484184581795,0.049781484184581795,0.0,0.0,9500349
15,308,0.049781484184581795,0.049781484184581795,0.0,0.0,9500350
15,309,0.049781484184581795,0.049781484184581795,0.0,0.0,9500351
15,310,0.049781484184581795,0.049781484184581795,0.0,0.0,9500352
15,311,0.049781484184581795,0.049781484184581795,0.0,0.0,9500353
15,312,0.0497814841845818,0.049781484184581795,6.938893903907228e-18,6.938893903907228e-12,9500354
15,313,0.049781484184581795,0.049781484184581795,0.0,0.0,9500355
15,314,0.049781484184581795,0.049781484184581795,0.0,0.0,9500356
15,315,0.049781484184581795,0.049781484184581795,0.0,0.0,9500357
15,316,0.049781484184581795,0.049781484184581795,0.0,0.0,9500358
15,317,0.049781484184581795,0.049781484184581795,0.0,0.0,9500359
15,318,0.049781484184581795,0.049781484184581795,0.0,0.0,9500360
15,319,0.0497814841845818,0.049781484184581795,6.938893903907228e-18,6.938893903907228e-12,9500361
15,320,0.049781484184581795,0.049781484184581795,0.0,0.0,9500362
15,321,0.049781484184581795,0.049781484184581795,0.0,0.0,9500363
15,322,0.049781484184581795,0.049781484184581795,0.0,0.0,9500364
15,323,0.0497814841845818,0.049781484184581795,6.938893903907228e-18,6.938893903907228e-12,9500365
15,324,0.049781484184581795,0.049781484184581795,0.0,0.0,9500366
15,325,0.0497814841845818,0.049781484184581795,6.938893903907228e-18,6.938893903907228e-12,9500367
15,326,0.049781484184581795,0.049781484184581795,0.0,0.0,9500368
15,327,0.049781484184581795,0.049781484184581795,0.0,0.0,9500369
15,328,0.049781484184581795,0.049781484184581795,0.0,0.0,9500370
15,329,0.049781484184581795,0.049781484184581795,0.0,0.0,9500371
15,330,0.049781484184581795,0.049781484184581795,0.0,0.0,9500372
15,331,0.0497814841845818,0.049781484184581795,6.938893903907228e-18,6.938893903907228e-12,9500373
15,332,0.0497814841845818,0.049781484184581795,6.938893903907228e-18,6.938893903907228e-12,9500374
15,333,0.049781484184581795,0.049781484184581795,0.0,0.0,9500375
15,334,0.0497814841845818,0.049781484184581795,6.938893903907228e-18,6.938893903907228e-12,9500376
15,335,0.0497814841845818,0.049781484184581795,6.938893903907228e-18,6.938893903907228e-12,9500377
15,336,0.049781484184581795,0.049781484184581795,0.0,0.0,9500378
15,337,0.049781484184581795,0.049781484184581795,0.0,0.0,9500379
15,338,0.049781484184581795,0.049781484184581795,0.0,0.0,9500380
15,339,0.049781484184581795,0.049781484184581795,0.0,0.0,9500381
15,340,0.049781484184581795,0.049781484184581795,0.0,0.0,9500382
15,341,0.0497814841845818,0.049781484184581795,6.938893903907228e-18,6.938893903907228e-12,9500383
15,342,0.0497814841845818,0.049781484184581795,6.938893903907228e-18,6.938893903907228e-12,9500384
15,343,0.0497814841845818,0.049781484184581795,6.938893903907228e-18,6.938893903907228e-12,9500385
15,344,0.049781484184581795,0.049781484184581795,0.0,0.0,9500386
15,345,0.049781484184581795,0.049781484184581795,0.0,0.0,9500387
15,346,0.0497814841845818,0.049781484184581795,6.938893903907228e-18,6.938893903907228e-12,9500388
15,347,0.049781484184581795,0.049781484184581795,0.0,0.0,9500389
15,348,0.049781484184581795,0.049781484184581795,0.0,0.0,9500390
15,349,0.049781484184581795,0.049781484184581795,0.0,0.0,9500391
15,350,0.0497814841845818,0.049781484184581795,6.938893903907228e-18,6.938893903907228e-12,9500392
15,351,0.049781484184581795,0.049781484184581795,0.0,0.0,9500393
15,352,0.049781484184581795,0.049781484184581795,0.0,0.0,9500394
15,353,0.049781484184581795,0.049781484184581795,0.0,0.0,9500395
15,354,0.049781484184581795,0.049781484184581795,0.0,0.0,9500396
15,355,0.0497814841845818,0.049781484184581795,6.938893903907228e-18,6.938893903907228e-12,9500397
15,356,0.0497814841845818,0.049781484184581795,6.938893903907228e-18,6.938893903907228e-12,9500398
15,357,0.049781484184581795,0.049781484184581795,0.0,0.0,9500399
15,358,0.0497814841845818,0.049781484184581795,6.938893903907228e-18,6.938893903907228e-12,9500400
15,359,0.049781484184581795,0.049781484184581795,0.0,0.0,9500401
15,360,0.049781484184581795,0.049781484184581795,0.0,0.0,9500402
15,361,0.049781484184581795,0.049781484184581795,0.0,0.0,9500403
15,362,0.0497814841845818,0.049781484184581795,6.938893903907228e-18,6.938893903907228e-12,9500404
15,363,0.049781484184581795,0.049781484184581795,0.0,0.0,9500405
15,364,0.049781484184581795,0.049781484184581795,0.0,0.0,9500406
15,365,0.0497814841845818,0.049781484184581795,6.938893903907228e-18,6.938893903907228e-12,9500407
15,366,0.0497814841845818,0.049781484184581795,6.938893903907228e-18,6.938893903907228e-12,9500408
15,367,0.049781484184581795,0.049781484184581795,0.0,0.0,9500409
15,368,0.049781484184581795,0.049781484184581795,0.0,0.0,9500410
15,369,0.0497814841845818,0.049781484184581795,6.938893903907228e-18,6.938893903907228e-12,9500411
15,370,0.0497814841845818,0.049781484184581795,6.938893903907228e-18,6.938893903907228e-12,9500412
15,371,0.049781484184581795,0.049781484184581795,0.0,0.0,9500413
15,372,0.0497814841845818,0.049781484184581795,6.938893903907228e-18,6.938893903907228e-12,9500414
15,373,0.0497814841845818,0.049781484184581795,6.938893903907228e-18,6.938893903907228e-12,9500415
15,374,0.049781484184581795,0.049781484184581795,0.0,0.0,9500416
15,375,0.049781484184581795,0.049781484184581795,0.0,0.0,9500417
15,376,0.049781484184581795,0.049781484184581795,0.0,0.0,9500418
15,377,0.049781484184581795,0.049781484184581795,0.0,0.0,9500419
15,378,0.049781484184581795,0.049781484184581795,0.0,0.0,9500420
15,379,0.049781484184581795,0.049781484184581795,0.0,0.0,9500421
15,380,0.049781484184581795,0.049781484184581795,0.0,0.0,9500422
15,381,0.049781484184581795,0.049781484184581795,0.0,0.0,9500423
15,382,0.049781484184581795,0.049781484184581795,0.0,0.0,9500424
15,383,0.049781484184581795,0.049781484184581795,0.0,0.0,9500425
15,384,0.0497814841845818,0.049781484184581795,6.938893903907228e-18,6.938893903907228e-12,9500426
15,385,0.049781484184581795,0.049781484184581795,0.0,0.0,9500427
15,386,0.049781484184581795,0.049781484184581795,0.0,0.0,9500428
15,387,0.0497814841845818,0.049781484184581795,6.938893903907228e-18,6.938893903907228e-12,9500429
15,388,0.049781484184581795,0.049781484184581795,0.0,0.0,9500430
15,389,0.049781484184581795,0.049781484184581795,0.0,0.0,9500431
15,390,0.049781484184581795,0.049781484184581795,0.0,0.0,9500432
15,391,0.049781484184581795,0.049781484184581795,0.0,0.0,9500433
15,392,0.0497814841845818,0.049781484184581795,6.938893903907228e-18,6.938893903907228e-12,9500434
15,393,0.049781484184581795,0.049781484184581795,0.0,0.0,9500435
15,394,0.049781484184581795,0.049781484184581795,0.0,0.0,9500436
15,395,0.049781484184581795,0.049781484184581795,0.0,0.0,9500437
15,396,0.049781484184581795,0.049781484184581795,0.0,0.0,9500438
15,397,0.049781484184581795,0.049781484184581795,0.0,0.0,9500439
15,398,0.049781484184581795,0.049781484184581795,0.0,0.0,9500440
15,399,0.0497814841845818,0.049781484184581795,6.938893903907228e-18,6.938893903907228e-12,9500441
15,400,0.049781484184581795,0.049781484184581795,0.0,0.0,9500442
15,401,0.0497814841845818,0.049781484184581795,6.938893903907228e-18,6.938893903907228e-12,9500443
15,402,0.0497814841845818,0.049781484184581795,6.938893903907228e-18,6.938893903907228e-12,9500444
15,403,0.0497814841845818,0.049781484184581795,6.938893903907228e-18,6.938893903907228e-12,9500445
15,404,0.049781484184581795,0.049781484184581795,0.0,0.0,9500446
15,405,0.049781484184581795,0.049781484184581795,0.0,0.0,9500447
15,406,0.0497814841845818,0.049781484184581795,6.938893903907228e-18,6.938893903907228e-12,9500448
15,407,0.049781484184581795,0.049781484184581795,0.0,0.0,9500449
15,408,0.0497814841845818,0.049781484184581795,6.938893903907228e-18,6.938893903907228e-12,9500450
15,409,0.049781484184581795,0.049781484184581795,0.0,0.0,9500451
15,410,0.049781484184581795,0.049781484184581795,0.0,0.0,9500452
15,411,0.0497814841845818,0.049781484184581795,6.938893903907228e-18,6.938893903907228e-12,9500453
15,412,0.049781484184581795,0.049781484184581795,0.0,0.0,9500454
15,413,0.049781484184581795,0.049781484184581795,0.0,0.0,9500455
15,414,0.049781484184581795,0.049781484184581795,0.0,0.0,9500456
15,415,0.049781484184581795,0.049781484184581795,0.0,0.0,9500457
15,416,0.049781484184581795,0.049781484184581795,0.0,0.0,9500458
15,417,0.049781484184581795,0.049781484184581795,0.0,0.0,9500459
15,418,0.049781484184581795,0.049781484184581795,0.0,0.0,9500460
15,419,0.049781484184581795,0.049781484184581795,0.0,0.0,9500461
15,420,0.049781484184581795,0.049781484184581795,0.0,0.0,9500462
15,421,0.0497814841845818,0.049781484184581795,6.938893903907228e-18,6.938893903907228e-12,9500463
15,422,0.0497814841845818,0.049781484184581795,6.938893903907228e-18,6.938893903907228e-12,9500464
15,423,0.049781484184581795,0.049781484184581795,0.0,0.0,9500465
15,424,0.0497814841845818,0.049781484184581795,6.938893903907228e-18,6.938893903907228e-12,9500466
15,425,0.049781484184581795,0.049781484184581795,0.0,0.0,9500467
15,426,0.049781484184581795,0.049781484184581795,0.0,0.0,9500468
15,427,0.049781484184581795,0.049781484184581795,0.0,0.0,9500469
15,428,0.049781484184581795,0.049781484184581795,0.0,0.0,9500470
15,429,0.0497814841845818,0.049781484184581795,6.938893903907228e-18,6.938893903907228e-12,9500471
15,430,0.049781484184581795,0.049781484184581795,0.0,0.0,9500472
15,431,0.0497814841845818,0.049781484184581795,6.938893903907228e-18,6.938893903907228e-12,9500473
15,432,0.049781484184581795,0.049781484184581795,0.0,0.0,9500474
15,433,0.0497814841845818,0.049781484184581795,6.938893903907228e-18,6.938893903907228e-12,9500475
15,434,0.0497814841845818,0.049781484184581795,6.938893903907228e-18,6.938893903907228e-12,9500476
15,435,0.0497814841845818,0.049781484184581795,6.938893903907228e-18,6.938893903907228e-12,9500477
15,436,0.0497814841845818,0.049781484184581795,6.938893903907228e-18,6.938893903907228e-12,9500478
15,437,0.049781484184581795,0.049781484184581795,0.0,0.0,9500479
15,438,0.049781484184581795,0.049781484184581795,0.0,0.0,9500480
15,439,0.049781484184581795,0.049781484184581795,0.0,0.0,9500481
15,440,0.049781484184581795,0.049781484184581795,0.0,0.0,9500482
15,441,0.049781484184581795,0.049781484184581795,0.0,0.0,9500483
15,442,0.049781484184581795,0.049781484184581795,0.0,0.0,9500484
15,443,0.049781484184581795,0.049781484184581795,0.0,0.0,9500485
15,444,0.0497814841845818,0.049781484184581795,6.938893903907228e-18,6.938893903907228e-12,9500486
15,445,0.0497814841845818,0.049781484184581795,6.938893903907228e-18,6.938893903907228e-12,9500487
15,446,0.049781484184581795,0.049781484184581795,0.0,0.0,9500488
15,447,0.049781484184581795,0.049781484184581795,0.0,0.0,9500489
15,448,0.0497814841845818,0.049781484184581795,6.938893903907228e-18,6.938893903907228e-12,9500490
15,449,0.0497814841845818,0.049781484184581795,6.938893903907228e-18,6.938893903907228e-12,9500491
15,450,0.0497814841845818,0.049781484184581795,6.938893903907228e-18,6.938893903907228e-12,9500492
15,451,0.0497814841845818,0.049781484184581795,6.938893903907228e-18,6.938893903907228e-12,9500493
15,452,0.049781484184581795,0.049781484184581795,0.0,0.0,9500494
15,453,0.049781484184581795,0.049781484184581795,0.0,0.0,9500495
15,454,0.049781484184581795,0.049781484184581795,0.0,0.0,9500496
15,455,0.049781484184581795,0.049781484184581795,0.0,0.0,9500497
15,456,0.049781484184581795,0.049781484184581795,0.0,0.0,9500498
15,457,0.049781484184581795,0.049781484184581795,0.0,0.0,9500499
15,458,0.049781484184581795,0.049781484184581795,0.0,0.0,9500500
15,459,0.049781484184581795,0.049781484184581795,0.0,0.0,9500501
15,460,0.0497814841845818,0.049781484184581795,6.938893903907228e-18,6.938893903907228e-12,9500502
15,461,0.049781484184581795,0.049781484184581795,0.0,0.0,9500503
15,462,0.0497814841845818,0.049781484184581795,6.938893903907228e-18,6.938893903907228e-12,9500504
15,463,0.0497814841845818,0.049781484184581795,6.938893903907228e-18,6.938893903907228e-12,9500505
15,464,0.049781484184581795,0.049781484184581795,0.0,0.0,9500506
15,465,0.0497814841845818,0.049781484184581795,6.938893903907228e-18,6.938893903907228e-12,9500507
15,466,0.049781484184581795,0.049781484184581795,0.0,0.0,9500508
15,467,0.0497814841845818,0.049781484184581795,6.938893903907228e-18,6.938893903907228e-12,9500509
15,468,0.049781484184581795,0.049781484184581795,0.0,0.0,9500510
15,469,0.0497814841845818,0.049781484184581795,6.938893903907228e-18,6.938893903907228e-12,9500511
15,470,0.049781484184581795,0.049781484184581795,0.0,0.0,9500512
15,471,0.049781484184581795,0.049781484184581795,0.0,0.0,9500513
15,472,0.049781484184581795,0.049781484184581795,0.0,0.0,9500514
15,473,0.049781484184581795,0.049781484184581795,0.0,0.0,9500515
15,474,0.049781484184581795,0.049781484184581795,0.0,0.0,9500516
15,475,0.049781484184581795,0.049781484184581795,0.0,0.0,9500517
15,476,0.0497814841845818,0.049781484184581795,6.938893903907228e-18,6.938893903907228e-12,9500518
15,477,0.049781484184581795,0.049781484184581795,0.0,0.0,9500519
15,478,0.049781484184581795,0.049781484184581795,0.0,0.0,9500520
15,479,0.049781484184581795,0.049781484184581795,0.0,0.0,9500521
15,480,0.049781484184581795,0.049781484184581795,0.0,0.0,9500522
15,481,0.0497814841845818,0.049781484184581795,6.938893903907228e-18,6.938893903907228e-12,9500523
15,482,0.049781484184581795,0.049781484184581795,0.0,0.0,9500524
15,483,0.0497814841845818,0.049781484184581795,6.938893903907228e-18,6.938893903907228e-12,9500525
15,484,0.049781484184581795,0.049781484184581795,0.0,0.0,9500526
15,485,0.049781484184581795,0.049781484184581795,0.0,0.0,9500527
15,486,0.049781484184581795,0.049781484184581795,0.0,0.0,9500528
15,487,0.049781484184581795,0.049781484184581795,0.0,0.0,9500529
15,488,0.0497814841845818,0.049781484184581795,6.938893903907228e-18,6.938893903907228e-12,9500530
15,489,0.049781484184581795,0.049781484184581795,0.0,0.0,9500531
15,490,0.049781484184581795,0.049781484184581795,0.0,0.0,9500532
15,491,0.0497814841845818,0.049781484184581795,6.938893903907228e-18,6.938893903907228e-12,9500533
15,492,0.049781484184581795,0.049781484184581795,0.0,0.0,9500534
15,493,0.0497814841845818,0.049781484184581795,6.938893903907228e-18,6.938893903907228e-12,9500535
15,494,0.049781484184581795,0.049781484184581795,0.0,0.0,9500536
15,495,0.049781484184581795,0.049781484184581795,0.0,0.0,9500537
15,496,0.049781484184581795,0.049781484184581795,0.0,0.0,9500538
15,497,0.049781484184581795,0.049781484184581795,0.0,0.0,9500539
15,498,0.0497814841845818,0.049781484184581795,6.938893903907228e-18,6.938893903907228e-12,9500540
15,499,0.049781484184581795,0.049781484184581795,0.0,0.0,9500541
