trial,p,rnd_error,det_error,error_ratio,excess_percent
0,5,0.09145229227145818,0.09071792821482211,1.0080950267613815,0.8095026761381519
1,5,0.09429776166798,0.09071792821482211,1.039461146474606,3.946114647460597
2,5,0.09149109665938873,0.09071792821482211,1.008522774492113,0.8522774492113028
3,5,0.09162043012335903,0.09071792821482211,1.0099484404714334,0.9948440471433395
4,5,0.09180755298704807,0.09071792821482211,1.0120111293728589,1.2011129372858864
5,5,0.09121458697748681,0.09071792821482211,1.0054747586550765,0.5474758655076517
6,5,0.09283807077294357,0.09071792821482211,1.0233707118299804,2.3370711829980406
7,5,0.0909442313986804,0.09071792821482211,1.0024945806006769,0.24945806006768656
8,5,0.09093739073709213,0.09071792821482211,1.0024191747605868,0.24191747605868397
9,5,0.09102413095948145,0.09071792821482211,1.0033753277955626,0.33753277955625993
10,5,0.09111082134865701,0.09071792821482211,1.0043309315100817,0.43309315100816814
11,5,0.09079338123577957,0.09071792821482211,1.0008317321883584,0.08317321883584139
12,5,0.0916608213625173,0.09071792821482211,1.0103936803479727,1.0393680347972722
13,5,0.09212318258270126,0.09071792821482211,1.0154903710383627,1.5490371038362705
14,5,0.09103111352691623,0.09071792821482211,1.0034522978892606,0.34522978892606027
15,5,0.09874239369966979,0.09071792821482211,1.0884551228489872,8.845512284898716
16,5,0.09132995469890925,0.09071792821482211,1.006746477748454,0.674647774845405
17,5,0.09215037679275798,0.09071792821482211,1.015790137695206,1.5790137695206097
18,5,0.09123154652503572,0.09071792821482211,1.0056617067907168,0.5661706790716758
19,5,0.09164121163003416,0.09071792821482211,1.0101775187482864,1.017751874828643
20,5,0.09110016474734972,0.09071792821482211,1.0042134618817844,0.4213461881784397
21,5,0.09140614924040802,0.09071792821482211,1.0075863838507884,0.7586383850788359
22,5,0.09096348172204052,0.09071792821482211,1.0027067803691123,0.2706780369112316
23,5,0.09087656383287268,0.09071792821482211,1.0017486688813586,0.1748668881358606
24,5,0.09095132472983904,0.09071792821482211,1.002572771662777,0.2572771662777029
25,5,0.09085859786077133,0.09071792821482211,1.0015506267472964,0.15506267472964463
26,5,0.09090276906626597,0.09071792821482211,1.0020375338709915,0.20375338709914814
27,5,0.09082021600514813,0.09071792821482211,1.0011275366660028,0.11275366660028485
28,5,0.09270781159157164,0.09071792821482211,1.0219348415016427,2.193484150164271
29,5,0.09082132627365196,0.09071792821482211,1.0011397753549331,0.1139775354933148
30,5,0.09105280655624849,0.09071792821482211,1.0036914240439154,0.36914240439154256
31,5,0.09104620612287345,0.09071792821482211,1.0036186662825233,0.3618666282523275
32,5,0.09085496032622614,0.09071792821482211,1.0015105295513311,0.151052955133113
33,5,0.09112721408587744,0.09071792821482211,1.0045116315937699,0.45116315937698825
34,5,0.09125110997577779,0.09071792821482211,1.005877358218467,0.5877358218467021
35,5,0.09354428719105869,0.09071792821482211,1.031155462121486,3.115546212148601
36,5,0.09118483409781937,0.09071792821482211,1.0051467873240185,0.514678732401852
37,5,0.09102232939187865,0.09071792821482211,1.0033554687926263,0.33554687926262705
38,5,0.09084410471470204,0.09071792821482211,1.0013908661977062,0.1390866197706231
39,5,0.09137926784199274,0.09071792821482211,1.0072900653727956,0.729006537279564
40,5,0.09128320813194649,0.09071792821482211,1.0062311819532053,0.6231181953205267
41,5,0.09412018528167992,0.09071792821482211,1.0375036901063392,3.750369010633925
42,5,0.0909509281833142,0.09071792821482211,1.0025684004592823,0.2568400459282305
43,5,0.09120037759955826,0.09071792821482211,1.0053181261326174,0.5318126132617396
44,5,0.0910693627101053,0.09071792821482211,1.0038739254985076,0.38739254985076244
45,5,0.09125438224511281,0.09071792821482211,1.0059134290304819,0.5913429030481865
46,5,0.09092661822280089,0.09071792821482211,1.0023004274026694,0.2300427402669447
47,5,0.09090527898902812,0.09071792821482211,1.0020652011999476,0.2065201199947575
48,5,0.09081740639441335,0.09071792821482211,1.001096565822752,0.10965658227519715
49,5,0.0911816382727639,0.09071792821482211,1.0051115591710134,0.5111559171013358
50,5,0.09111042525719842,0.09071792821482211,1.004326565322864,0.43265653228639067
51,5,0.09280162337307998,0.09071792821482211,1.0229689456016196,2.296894560161955
52,5,0.09233565228714974,0.09071792821482211,1.017832462713399,1.7832462713399
53,5,0.0910429517994437,0.09071792821482211,1.003582793291442,0.35827932914420657
54,5,0.0912961487799291,0.09071792821482211,1.0063738290378255,0.6373829037825463
55,5,0.09095160928559608,0.09071792821482211,1.0025759083719439,0.257590837194388
56,5,0.09096318847234969,0.09071792821482211,1.0027035478251531,0.2703547825153141
57,5,0.09307673973286908,0.09071792821482211,1.0260016025990062,2.600160259900619
58,5,0.09234240892570891,0.09071792821482211,1.0179069423525635,1.7906942352563515
59,5,0.09158745551695524,0.09071792821482211,1.0095849554684944,0.958495546849436
60,5,0.0917469294390003,0.09071792821482211,1.0113428651251988,1.1342865125198776
61,5,0.09213269025688287,0.09071792821482211,1.0155951758368045,1.5595175836804476
62,5,0.09115352706331319,0.09071792821482211,1.004801684265315,0.48016842653149094
63,5,0.09103448399485527,0.09071792821482211,1.003489451162107,0.34894511621070823
64,5,0.09096185550289368,0.09071792821482211,1.0026888542636683,0.2688854263668272
65,5,0.09124532067159215,0.09071792821482211,1.0058135416796685,0.5813541679668521
66,5,0.09105579334324265,0.09071792821482211,1.0037243479328637,0.3724347932863692
67,5,0.09098875121395936,0.09071792821482211,1.0029853305125744,0.29853305125744356
68,5,0.09091405866177858,0.09071792821482211,1.0021619811079905,0.2161981107990485
69,5,0.09088533507876173,0.09071792821482211,1.001845355898596,0.1845355898596024
70,5,0.09089546407000114,0.09071792821482211,1.0019570095864472,0.19570095864471782
71,5,0.09115886555680422,0.09071792821482211,1.004860531436939,0.4860531436938986
72,5,0.09139573991707985,0.09071792821482211,1.0074716400120234,0.7471640012023384
73,5,0.09103593750668791,0.09071792821482211,1.0035054734838382,0.35054734838382284
74,5,0.09097329715854659,0.09071792821482211,1.0028149776868776,0.2814977686877551
75,5,0.09507229883375692,0.09071792821482211,1.0479990086262063,4.799900862620632
76,5,0.09105657164594383,0.09071792821482211,1.0037329273031876,0.37329273031876387
77,5,0.09104945005156477,0.09071792821482211,1.0036544246905377,0.3654424690537672
78,5,0.09098797271049978,0.09071792821482211,1.0029767489292547,0.2976748929254702
79,5,0.09310403274060575,0.09071792821482211,1.0263024583204026,2.6302458320402566
80,5,0.09157192248227006,0.09071792821482211,1.0094137320401064,0.9413732040106426
81,5,0.09094871125232426,0.09071792821482211,1.0025439628312018,0.25439628312018403
82,5,0.09081617561480243,0.09071792821482211,1.0010829987182652,0.10829987182652268
83,5,0.09269957269435683,0.09071792821482211,1.0218440226593595,2.1844022659359474
84,5,0.09132500267067155,0.09071792821482211,1.0066918906526598,0.6691890652659849
85,5,0.0908568748019223,0.09071792821482211,1.0015316331604394,0.15316331604393607
86,5,0.09345396104548905,0.09071792821482211,1.0301597808118805,3.015978081188053
87,5,0.09097548854637685,0.09071792821482211,1.0028391337481257,0.2839133748125722
88,5,0.09087050111140872,0.09071792821482211,1.0016818384148425,0.16818384148424848
89,5,0.09093728372784324,0.09071792821482211,1.0024179951784358,0.24179951784357723
90,5,0.09155748412658664,0.09071792821482211,1.0092545754547706,0.9254575454770597
91,5,0.09231946391857862,0.09071792821482211,1.0176540154220017,1.7654015422001734
92,5,0.09130887700538727,0.09071792821482211,1.0065141345508442,0.6514134550844153
93,5,0.09149567538537325,0.09071792821482211,1.0085732466101895,0.8573246610189544
94,5,0.09268548935695682,0.09071792821482211,1.0216887795042617,2.1688779504261735
95,5,0.09143907944802325,0.09071792821482211,1.0079493794379148,0.794937943791485
96,5,0.09137796392592765,0.09071792821482211,1.0072756920720518,0.7275692072051809
97,5,0.09090450366497177,0.09071792821482211,1.00205665466376,0.2056654663759927
98,5,0.09091091097645693,0.09071792821482211,1.0021272836079085,0.21272836079084811
99,5,0.09113915523381849,0.09071792821482211,1.004643261010094,0.46432610100939353
100,5,0.09085774300038021,0.09071792821482211,1.0015412034678197,0.15412034678197184
101,5,0.09124987620960119,0.09071792821482211,1.0058637581925307,0.586375819253071
102,5,0.09207396731009956,0.09071792821482211,1.0149478622579027,1.4947862257902678
103,5,0.09332628656955624,0.09071792821482211,1.0287524021553653,2.875240215536534
104,5,0.09179205564081712,0.09071792821482211,1.0118402993447055,1.184029934470554
105,5,0.0909728801936191,0.09071792821482211,1.0028103814076668,0.2810381407666762
106,5,0.09105905369420467,0.09071792821482211,1.0037602873665143,0.37602873665143477
107,5,0.09127092665932245,0.09071792821482211,1.006095801076837,0.6095801076837049
108,5,0.09094485033127402,0.09071792821482211,1.0025014032057098,0.25014032057097957
109,5,0.09098252418311976,0.09071792821482211,1.0029166888343293,0.2916688834329273
110,5,0.09091229500580356,0.09071792821482211,1.0021425400117294,0.21425400117294213
111,5,0.09177218999780763,0.09071792821482211,1.01162131679737,1.1621316797369996
112,5,0.09080128841460823,0.09071792821482211,1.000918894439352,0.09188944393518916
113,5,0.0911877258995539,0.09071792821482211,1.0051786641734068,0.5178664173406844
114,5,0.10248761368444449,0.09071792821482211,1.1297393547364916,12.973935473649156
115,5,0.09134549232129935,0.09071792821482211,1.0069177517479362,0.6917751747936185
116,5,0.09210231853845284,0.09071792821482211,1.0152603829350297,1.5260382935029737
117,5,0.09118784495471258,0.09071792821482211,1.0051799765397826,0.5179976539782638
118,5,0.0909832103055489,0.09071792821482211,1.0029242520849748,0.2924252084974821
119,5,0.09090711102634122,0.09071792821482211,1.0020853960759677,0.20853960759676937
120,5,0.09103140048037771,0.09071792821482211,1.0034554610287538,0.34554610287538257
121,5,0.09085895841275166,0.09071792821482211,1.0015546011764684,0.15546011764684398
122,5,0.09123468056378124,0.09071792821482211,1.0056962538621412,0.5696253862141232
123,5,0.09083333828886944,0.09071792821482211,1.0012721859539608,0.1272185953960836
124,5,0.09121846900495734,0.09071792821482211,1.0055175509404264,0.5517550940426386
125,5,0.09131163319753889,0.09071792821482211,1.006544516551468,0.6544516551467927
126,5,0.09133109294044871,0.09071792821482211,1.0067590247891751,0.6759024789175117
127,5,0.09102819847616489,0.09071792821482211,1.0034201647617884,0.34201647617884134
128,5,0.09138320620328373,0.09071792821482211,1.0073334786359565,0.7333478635956459
129,5,0.09097632462287963,0.09071792821482211,1.002848349969431,0.2848349969430952
130,5,0.0913287620064627,0.09071792821482211,1.0067333304856139,0.6733330485613864
131,5,0.09150460451629402,0.09071792821482211,1.0086716740224606,0.8671674022460607
132,5,0.09093840605375457,0.09071792821482211,1.0024303667783325,0.24303667783325267
133,5,0.09197086834962093,0.09071792821482211,1.0138113839177614,1.3811383917761377
134,5,0.0913072764278147,0.09071792821482211,1.006496491097074,0.6496491097073953
135,5,0.09103066879715987,0.09071792821482211,1.0034473955533596,0.34473955533596
136,5,0.09087412824516174,0.09071792821482211,1.0017218209610095,0.17218209610094792
137,5,0.09105630540674925,0.09071792821482211,1.0037299925007752,0.37299925007752144
138,5,0.0912941540423501,0.09071792821482211,1.0063518406875813,0.6351840687581323
139,5,0.09154908434296288,0.09071792821482211,1.009161983132734,0.9161983132734086
140,5,0.09104971978311416,0.09071792821482211,1.0036573979898038,0.3657397989803801
141,5,0.09098935209419708,0.09071792821482211,1.0029919541232493,0.2991954123249263
142,5,0.09094546338020992,0.09071792821482211,1.0025081609541282,0.25081609541282024
143,5,0.09116135611298751,0.09071792821482211,1.0048879852846215,0.4887985284621532
144,5,0.09184390642533036,0.09071792821482211,1.01241185984585,1.2411859845850026
145,5,0.09088457941375609,0.09071792821482211,1.0018370260676517,0.18370260676516814
146,5,0.09212465956143864,0.09071792821482211,1.0155066520399956,1.5506652039995572
147,5,0.09168314827180596,0.09071792821482211,1.0106397938751224,1.0639793875122372
148,5,0.09097843437799101,0.09071792821482211,1.0028716061785716,0.28716061785716285
149,5,0.09287579177121698,0.09071792821482211,1.0237865171621314,2.3786517162131426
150,5,0.0911032570196944,0.09071792821482211,1.0042475485546785,0.42475485546784597
151,5,0.09095355112407436,0.09071792821482211,1.0025973136059092,0.25973136059092017
152,5,0.09076147141917004,0.09071792821482211,1.0004799845543741,0.047998455437414655
153,5,0.09093291121828272,0.09071792821482211,1.0023697962210019,0.2369796221001863
154,5,0.09084495110002944,0.09071792821482211,1.001400196055035,0.14001960550349413
155,5,0.09080057589089884,0.09071792821482211,1.0009110401626569,0.0911040162656862
156,5,0.09100615707597941,0.09071792821482211,1.0031771984527111,0.31771984527111385
157,5,0.09122827415618318,0.09071792821482211,1.0056256348817023,0.5625634881702313
158,5,0.09128009184853092,0.09071792821482211,1.0061968306019686,0.6196830601968628
159,5,0.09097781157080602,0.09071792821482211,1.0028647408632227,0.2864740863222748
160,5,0.09392700529466183,0.09071792821482211,1.0353742324476432,3.537423244764315
161,5,0.09087632673702094,0.09071792821482211,1.0017460553312432,0.17460553312431681
162,5,0.09182357530976022,0.09071792821482211,1.0121877463109599,1.2187746310959868
163,5,0.09196849991526007,0.09071792821482211,1.0137852762408395,1.3785276240839472
164,5,0.09287160043280615,0.09071792821482211,1.0237403152867877,2.374031528678766
165,5,0.09101502809898906,0.09071792821482211,1.0032749853310519,0.32749853310518606
166,5,0.09083447702197613,0.09071792821482211,1.001284738413316,0.1284738413315889
167,5,0.09098037517825291,0.09071792821482211,1.0028929999680916,0.28929999680915586
168,5,0.09129232229385191,0.09071792821482211,1.0063316489952199,0.6331648995219874
169,5,0.09096327357415608,0.09071792821482211,1.0027044859176346,0.27044859176346137
170,5,0.0939297508568334,0.09071792821482211,1.0354044972720897,3.540449727208972
171,5,0.09082250806345055,0.09071792821482211,1.0011528024359286,0.11528024359286348
172,5,0.09239947683017809,0.09071792821482211,1.0185360121030766,1.853601210307665
173,5,0.09119717447748399,0.09071792821482211,1.0052828175432647,0.5282817543264651
174,5,0.09099091268938472,0.09071792821482211,1.0030091568440163,0.30091568440162586
175,5,0.09118145126168602,0.09071792821482211,1.0051094977143469,0.5109497714346878
176,5,0.09128449829406209,0.09071792821482211,1.0062454036416961,0.6245403641696123
177,5,0.09136564612496474,0.09071792821482211,1.007139910741886,0.7139910741885913
178,5,0.0909920899889367,0.09071792821482211,1.0030221344282175,0.30221344282175266
179,5,0.09082932313407382,0.09071792821482211,1.00122792618222,0.12279261822198961
180,5,0.09136781662475833,0.09071792821482211,1.0071638365505577,0.7163836550557745
181,5,0.09095143727909297,0.09071792821482211,1.0025740123133975,0.2574012313397489
182,5,0.09097676298899737,0.09071792821482211,1.0028531821578017,0.2853182157801726
183,5,0.09159137236206617,0.09071792821482211,1.0096281315549418,0.9628131554941799
184,5,0.0908816591712378,0.09071792821482211,1.001804835710401,0.18048357104010204
185,5,0.09081248646719355,0.09071792821482211,1.001042332582238,0.10423325822379592
186,5,0.0920964820685164,0.09071792821482211,1.0151960464796974,1.5196046479697412
187,5,0.09194331655054085,0.09071792821482211,1.0135076754929522,1.3507675492952176
188,5,0.09076823389905099,0.09071792821482211,1.0005545285834765,0.05545285834764879
189,5,0.0907727801662571,0.09071792821482211,1.0006046429026145,0.060464290261452724
190,5,0.09097298670283217,0.09071792821482211,1.0028115554778332,0.2811555477833183
191,5,0.09123008806337912,0.09071792821482211,1.005645629906188,0.5645629906187999
192,5,0.09078400669477457,0.09071792821482211,1.0007283949408103,0.07283949408103396
193,5,0.09451711056135276,0.09071792821482211,1.0418790686834702,4.187906868347024
194,5,0.09203661119140708,0.09071792821482211,1.0145360790588416,1.4536079058841578
195,5,0.0912624963889347,0.09071792821482211,1.006002872693731,0.6002872693730898
196,5,0.09094736942810282,0.09071792821482211,1.0025291716620488,0.25291716620488014
197,5,0.09111345259720101,0.09071792821482211,1.0043599362349005,0.43599362349004966
198,5,0.09123643142916701,0.09071792821482211,1.0057155539654419,0.5715553965441877
199,5,0.09123952651932993,0.09071792821482211,1.005749671699652,0.5749671699651904
200,5,0.09123594411591919,0.09071792821482211,1.005710182224074,0.5710182224073934
201,5,0.09128062354858028,0.09071792821482211,1.0062026916270144,0.6202691627014367
202,5,0.0910932162623011,0.09071792821482211,1.0041368674843445,0.41368674843444975
203,5,0.09123086080043676,0.09071792821482211,1.0056541479254246,0.5654147925424624
204,5,0.09097570702500844,0.09071792821482211,1.0028415420772827,0.28415420772827105
205,5,0.0921572095322206,0.09071792821482211,1.0158654562082838,1.5865456208283835
206,5,0.09145306968111205,0.09071792821482211,1.008103596287485,0.8103596287484915
207,5,0.09164063059918338,0.09071792821482211,1.0101711139409655,1.0171113940965482
208,5,0.09145895594311237,0.09071792821482211,1.0081684816096714,0.816848160967143
209,5,0.09111324262797396,0.09071792821482211,1.0043576217064365,0.43576217064364986
210,5,0.09095656153442293,0.09071792821482211,1.0026304978993317,0.2630497899331674
211,5,0.09180697913617154,0.09071792821482211,1.0120048037116824,1.2004803711682444
212,5,0.09095483728347362,0.09071792821482211,1.0026114911717394,0.2611491171739422
213,5,0.09095199901653306,0.09071792821482211,1.0025802044459906,0.2580204445990608
214,5,0.09193958581841268,0.09071792821482211,1.0134665509633074,1.34665509633074
215,5,0.09284542165116864,0.09071792821482211,1.023451741879605,2.345174187960497
216,5,0.09171908245835161,0.09071792821482211,1.0110359028609952,1.1035902860995206
217,5,0.09142483983501745,0.09071792821482211,1.0077924136287741,0.7792413628774142
218,5,0.09196820703959933,0.09071792821482211,1.0137820478198811,1.3782047819881127
219,5,0.09086333844996265,0.09071792821482211,1.0016028831125443,0.16028831125443066
220,5,0.09077079271327523,0.09071792821482211,1.0005827348517917,0.05827348517917219
221,5,0.09121166732176572,0.09071792821482211,1.0054425747661964,0.5442574766196362
222,5,0.093133542654013,0.09071792821482211,1.0266277513907798,2.6627751390779775
223,5,0.09115042352161203,0.09071792821482211,1.0047674733682823,0.47674733682823156
224,5,0.09103195540730312,0.09071792821482211,1.0034615780878218,0.34615780878217706
225,5,0.09110810673913305,0.09071792821482211,1.0043010078822237,0.4301007882223651
226,5,0.09100464812030332,0.09071792821482211,1.0031605649635456,0.31605649635455535
227,5,0.09097144407959748,0.09071792821482211,1.0027945508651281,0.27945508651281425
228,5,0.09134986530122342,0.09071792821482211,1.006965955890272,0.6965955890271935
229,5,0.09110707285237439,0.09071792821482211,1.004289611162975,0.42896111629751044
230,5,0.0910813635592888,0.09071792821482211,1.0040062130123393,0.4006213012339277
231,5,0.09251176754324243,0.09071792821482211,1.019773812781223,1.9773812781223032
232,5,0.09240524881886603,0.09071792821482211,1.018599637770037,1.8599637770037036
233,5,0.0909006063276347,0.09071792821482211,1.0020136936150041,0.20136936150041418
234,5,0.09143871067951125,0.09071792821482211,1.0079453144364399,0.7945314436439865
235,5,0.09110934295236305,0.09071792821482211,1.0043146348824685,0.43146348824685266
236,5,0.09130277861449727,0.09071792821482211,1.0064469108938447,0.6446910893844748
237,5,0.09133617841733263,0.09071792821482211,1.0068150829133409,0.6815082913340875
238,5,0.09131400308331696,0.09071792821482211,1.0065706402276222,0.6570640227622215
239,5,0.09206148320328114,0.09071792821482211,1.0148102477084515,1.4810247708451518
240,5,0.09087490083474412,0.09071792821482211,1.0017303373545998,0.17303373545998202
241,5,0.09150706925046813,0.09071792821482211,1.0086988432295028,0.8698843229502762
242,5,0.09181861411102797,0.09071792821482211,1.0121330581271588,1.2133058127158813
243,5,0.09110518460721916,0.09071792821482211,1.004268796697826,0.4268796697826094
244,5,0.09105552528868556,0.09071792821482211,1.0037213931193845,0.3721393119384464
245,5,0.09094863346716474,0.09071792821482211,1.0025431053914318,0.2543105391431766
246,5,0.09084282944487873,0.09071792821482211,1.0013768086696253,0.13768086696253068
247,5,0.09097591920340274,0.09071792821482211,1.0028438809577938,0.2843880957793754
248,5,0.0909077821897732,0.09071792821482211,1.0020927944309037,0.20927944309037105
249,5,0.09112967613781364,0.09071792821482211,1.0045387712340224,0.4538771234022354
250,5,0.09082950168571599,0.09071792821482211,1.0012298943890086,0.12298943890085567
251,5,0.09082835247011978,0.09071792821482211,1.0012172263792907,0.12172263792906701
252,5,0.0937144852357763,0.09071792821482211,1.0330315857066124,3.3031585706612354
253,5,0.09115953129688584,0.09071792821482211,1.0048678700093105,0.48678700093105487
254,5,0.09100303969014124,0.09071792821482211,1.0031428349492726,0.3142834949272588
255,5,0.09258249285326414,0.09071792821482211,1.0205534305636554,2.055343056365544
256,5,0.09191806976023838,0.09071792821482211,1.0132293755934803,1.3229375593480253
257,5,0.09138061570827108,0.09071792821482211,1.007304923144626,0.7304923144626052
258,5,0.09108795660439338,0.09071792821482211,1.0040788893315005,0.4078889331500468
259,5,0.09117482840875821,0.09071792821482211,1.0050364928182018,0.5036492818201843
260,5,0.09088075763450218,0.09071792821482211,1.0017948979092037,0.17948979092037298
261,5,0.09078449112489087,0.09071792821482211,1.0007337349009022,0.07337349009022276
262,5,0.0921550586072098,0.09071792821482211,1.0158417461759546,1.5841746175954574
263,5,0.0913882034146942,0.09071792821482211,1.007388563793971,0.7388563793971015
264,5,0.09101069838952347,0.09071792821482211,1.0032272581667439,0.32272581667438516
265,5,0.10042577378744158,0.09071792821482211,1.1070113236011196,10.701132360111965
266,5,0.09299467251206973,0.09071792821482211,1.0250969608990215,2.509696089902147
267,5,0.09155484630256233,0.09071792821482211,1.0092254982472526,0.9225498247252606
268,5,0.09092367602111148,0.09071792821482211,1.0022679949855353,0.22679949855353154
269,5,0.09123770913846739,0.09071792821482211,1.0057296383843162,0.5729638384316171
270,5,0.09076238880500279,0.09071792821482211,1.0004900970630126,0.04900970630126178
271,5,0.09100265116718806,0.09071792821482211,1.0031385521910479,0.3138552191047861
272,5,0.09173664944682042,0.09071792821482211,1.011229546926887,1.1229546926887046
273,5,0.09114732787693439,0.09071792821482211,1.0047333495215571,0.47333495215571286
274,5,0.09121849113981975,0.09071792821482211,1.0055177949369865,0.5517794936986453
275,5,0.09085418363825788,0.09071792821482211,1.001501967980498,0.15019679804979535
276,5,0.09093531589605908,0.09071792821482211,1.002396303415596,0.2396303415596046
277,5,0.09101778828260158,0.09071792821482211,1.0033054113302653,0.33054113302652954
278,5,0.09427596096064927,0.09071792821482211,1.0392208333660538,3.9220833366053753
279,5,0.09107604579525229,0.09071792821482211,1.003947594345212,0.394759434521208
280,5,0.09195137190324935,0.09071792821482211,1.0135964710912095,1.3596471091209539
281,5,0.09106632922967385,0.09071792821482211,1.0038404868994222,0.38404868994221797
282,5,0.09132611959398323,0.09071792821482211,1.0067042026987314,0.6704202698731399
283,5,0.09086939794502469,0.09071792821482211,1.001669678013853,0.1669678013852982
284,5,0.09116183542074613,0.09071792821482211,1.0048932687800458,0.4893268780045812
285,5,0.09509244427646377,0.09071792821482211,1.0482210754558097,4.822107545580967
286,5,0.090956012304412,0.09071792821482211,1.0026244436383744,0.2624443638374441
287,5,0.09109550188277901,0.09071792821482211,1.0041620622889755,0.4162062288975532
288,5,0.0918646624908456,0.09071792821482211,1.0126406576802327,1.2640657680232703
289,5,0.0908657475034703,0.09071792821482211,1.0016294385416096,0.16294385416095736
290,5,0.09115600357434413,0.09071792821482211,1.004828983290763,0.4828983290763089
291,5,0.09257559278606818,0.09071792821482211,1.0204773698848928,2.0477369884892793
292,5,0.09098302071104433,0.09071792821482211,1.0029221621507325,0.2922162150732488
293,5,0.09129185683315019,0.09071792821482211,1.0063265181383882,0.6326518138388249
294,5,0.09097862676488791,0.09071792821482211,1.0028737268938557,0.2873726893855677
295,5,0.0931157315622132,0.09071792821482211,1.0264314165300716,2.643141653007164
296,5,0.09097501355602938,0.09071792821482211,1.0028338978442992,0.2833897844299216
297,5,0.09148744123005423,0.09071792821482211,1.0084824800386742,0.8482480038674245
298,5,0.09080879119516092,0.09071792821482211,1.001001598935589,0.10015989355889321
299,5,0.09094144776400236,0.09071792821482211,1.0024638960961603,0.24638960961602674
300,5,0.09085069864755528,0.09071792821482211,1.00146355230268,0.14635523026800268
301,5,0.09245972605727738,0.09071792821482211,1.0192001501437584,1.920015014375842
302,5,0.09166068587983969,0.09071792821482211,1.010392186898108,1.0392186898108058
303,5,0.09113321143262416,0.09071792821482211,1.0045777414230477,0.45777414230476765
304,5,0.09130184166084358,0.09071792821482211,1.006436582685605,0.6436582685604986
305,5,0.09136731126852231,0.09071792821482211,1.0071582659180933,0.7158265918093321
306,5,0.09077416760792997,0.09071792821482211,1.0006199369211197,0.061993692111972365
307,5,0.09203719670658034,0.09071792821482211,1.0145425332976539,1.454253329765387
308,5,0.09122679204356215,0.09071792821482211,1.005609297288349,0.5609297288349024
309,5,0.09097859611803273,0.09071792821482211,1.002873389068072,0.28733890680721075
310,5,0.0922145431340124,0.09071792821482211,1.0164974547880576,1.6497454788057642
311,5,0.09125123479934141,0.09071792821482211,1.0058787341710056,0.5878734171005595
312,5,0.09088612315120444,0.09071792821482211,1.0018540429625338,0.1854042962533775
313,5,0.09182239906950193,0.09071792821482211,1.0121747804035428,1.2174780403542806
314,5,0.09087953923152363,0.09071792821482211,1.0017814672345562,0.17814672345561888
315,5,0.09254334893151568,0.09071792821482211,1.0201219400907275,2.012194009072754
316,5,0.09109482608741729,0.09071792821482211,1.004154612875447,0.415461287544705
317,5,0.09102076942510857,0.09071792821482211,1.0033382729990188,0.33382729990187876
318,5,0.09263549867224323,0.09071792821482211,1.0211377232169618,2.1137723216961835
319,5,0.0909693483454604,0.09071792821482211,1.002771449211703,0.27714492117030254
320,5,0.09204967408339615,0.09071792821482211,1.0146800736610788,1.4680073661078819
321,5,0.0909476225991168,0.09071792821482211,1.0025319624115618,0.2531962411561839
322,5,0.09106827504997943,0.09071792821482211,1.003861936025784,0.38619360257841073
323,5,0.09334420490403002,0.09071792821482211,1.0289499191713112,2.894991917131118
324,5,0.09084922215014073,0.09071792821482211,1.0014472766067553,0.14472766067552545
325,5,0.09103649741028846,0.09071792821482211,1.0035116454016892,0.3511645401689245
326,5,0.0907794979873095,0.09071792821482211,1.0006786946494368,0.06786946494368173
327,5,0.091013623915639,0.09071792821482211,1.003259506766035,0.32595067660350363
328,5,0.09164751518075263,0.09071792821482211,1.0102470039188862,1.0247003918886222
329,5,0.09110399210666642,0.09071792821482211,1.0042556515502659,0.425565155026586
330,5,0.09082524035863651,0.09071792821482211,1.0011829210160121,0.11829210160121395
331,5,0.09153352601214232,0.09071792821482211,1.008990480860507,0.8990480860507022
332,5,0.09105901125944327,0.09071792821482211,1.0037598196005255,0.3759819600525516
333,5,0.09113610847689847,0.09071792821482211,1.0046096760618928,0.46096760618927757
334,5,0.09293055755002591,0.09071792821482211,1.0243902101684272,2.439021016842724
335,5,0.091873643162617,0.09071792821482211,1.012739653236548,1.273965323654802
336,5,0.0907667218509821,0.09071792821482211,1.00053786100631,0.05378610063100364
337,5,0.09224081485658144,0.09071792821482211,1.0167870526998048,1.678705269980485
338,5,0.0912197877486065,0.09071792821482211,1.00553208768829,0.5532087688290055
339,5,0.0909878183741135,0.09071792821482211,1.0029750476515766,0.29750476515766344
340,5,0.09160246643478707,0.09071792821482211,1.0097504235091255,0.9750423509125472
341,5,0.09278718712722248,0.09071792821482211,1.0228098122732732,2.2809812273273167
342,5,0.09090146330909407,0.09071792821482211,1.0020231402753967,0.20231402753967398
343,5,0.09096285834106785,0.09071792821482211,1.0026999087287989,0.2699908728798883
344,5,0.09106960154469308,0.09071792821482211,1.0038765582150224,0.38765582150224187
345,5,0.09153841806478667,0.09071792821482211,1.0090444068345743,0.9044406834574303
346,5,0.09086905429283483,0.09071792821482211,1.0016658898741035,0.16658898741035433
347,5,0.09082572419774342,0.09071792821482211,1.0011882544613018,0.11882544613017743
348,5,0.09124999625805132,0.09071792821482211,1.0058650815081365,0.5865081508136472
349,5,0.09101153002856052,0.09071792821482211,1.0032364254730681,0.32364254730681274
350,5,0.09091315860004598,0.09071792821482211,1.002152059566016,0.21520595660160513
351,5,0.09094520609968429,0.09071792821482211,1.0025053249047309,0.2505324904730877
352,5,0.09123202668490989,0.09071792821482211,1.0056669996791636,0.566699967916362
353,5,0.09246421823824749,0.09071792821482211,1.0192496682606125,1.9249668260612474
354,5,0.09144998345191117,0.09071792821482211,1.0080695762292493,0.8069576229249309
355,5,0.09115671049791757,0.09071792821482211,1.0048367758361547,0.48367758361547164
356,5,0.09177220549175338,0.09071792821482211,1.011621487589914,1.1621487589914103
357,5,0.09077084254631791,0.09071792821482211,1.0005832841703626,0.05832841703625746
358,5,0.09138143203763831,0.09071792821482211,1.007313921689713,0.7313921689712899
359,5,0.0940081873890216,0.09071792821482211,1.0362691172400684,3.6269117240068427
360,5,0.0908482396140349,0.09071792821482211,1.001436445934967,0.14364459349669456
361,5,0.09237058514286274,0.09071792821482211,1.0182175338498374,1.8217533849837375
362,5,0.09160760066747006,0.09071792821482211,1.0098070190772126,0.9807019077212598
363,5,0.09129135553563254,0.09071792821482211,1.0063209922459047,0.6320992245904655
364,5,0.09131284971828225,0.09071792821482211,1.0065579264778992,0.6557926477899212
365,5,0.09189328218292264,0.09071792821482211,1.0129561376811569,1.2956137681156887
366,5,0.09097633797197842,0.09071792821482211,1.002848497118942,0.2848497118941973
367,5,0.0912576822409218,0.09071792821482211,1.0059498054763942,0.5949805476394232
368,5,0.09104260405691648,0.09071792821482211,1.0035789600631702,0.35789600631701557
369,5,0.09314059451004354,0.09071792821482211,1.0267054852651012,2.670548526510119
370,5,0.09108466646154387,0.09071792821482211,1.0040426214965283,0.40426214965283425
371,5,0.09800203582229032,0.09071792821482211,1.080294025126095,8.029402512609508
372,5,0.0929220417896733,0.09071792821482211,1.024296339414099,2.429633941409892
373,5,0.09106183046910843,0.09071792821482211,1.0037908962545083,0.3790896254508347
374,5,0.09128699549252567,0.09071792821482211,1.0062729307084262,0.6272930708426161
375,5,0.09151838796818663,0.09071792821482211,1.0088236114858027,0.8823611485802685
376,5,0.0911114365495935,0.09071792821482211,1.0043377129803885,0.43377129803885417
377,5,0.09107286024197389,0.09071792821482211,1.0039124794198484,0.39124794198484025
378,5,0.09099453736461209,0.09071792821482211,1.0030491122894138,0.30491122894138467
379,5,0.09080233421394919,0.09071792821482211,1.0009304224731324,0.0930422473132353
380,5,0.09126934338409734,0.09071792821482211,1.0060783483499476,0.6078348349947582
381,5,0.09106323376799498,0.09071792821482211,1.0038063650699252,0.3806365069925155
382,5,0.09568381446466513,0.09071792821482211,1.054739855148408,5.473985514840796
383,5,0.09165513676473384,0.09071792821482211,1.0103310180066327,1.033101800663272
384,5,0.09099333832327905,0.09071792821482211,1.003035895041659,0.3035895041658909
385,5,0.09162761274090063,0.09071792821482211,1.0100276157533532,1.0027615753353203
386,5,0.09115204530806167,0.09071792821482211,1.0047853506113098,0.4785350611309802
387,5,0.09080954661348024,0.09071792821482211,1.0010099260472658,0.10099260472657967
388,5,0.09112788228482274,0.09071792821482211,1.0045189972706372,0.4518997270637204
389,5,0.09270448747652758,0.09071792821482211,1.0218981991850746,2.189819918507463
390,5,0.0929169994274978,0.09071792821482211,1.0242407565511003,2.424075655110025
391,5,0.09339754985565224,0.09071792821482211,1.0295379501445925,2.9537950144592484
392,5,0.09120803528547629,0.09071792821482211,1.005402538178491,0.5402538178491012
393,5,0.09083341638327373,0.09071792821482211,1.0012730468025917,0.12730468025916597
394,5,0.09118284777885968,0.09071792821482211,1.0051248917737257,0.5124891773725659
395,5,0.10821631875004568,0.09071792821482211,1.1928878985616491,19.28878985616491
396,5,0.09086038386615897,0.09071792821482211,1.0015703142051429,0.15703142051428642
397,5,0.09146372863665554,0.09071792821482211,1.00822109186695,0.8221091866950081
398,5,0.09083012581325992,0.09071792821482211,1.0012367742589108,0.12367742589107777
399,5,0.09343745739693111,0.09071792821482211,1.0299778581326184,2.997785813261844
400,5,0.09142687203742217,0.09071792821482211,1.0078148149605144,0.7814814960514394
401,5,0.09169577223122162,0.09071792821482211,1.0107789500448463,1.0778950044846303
402,5,0.09084947108586404,0.09071792821482211,1.0014500206698993,0.1450020669899299
403,5,0.09162821960802756,0.09071792821482211,1.010034305358582,1.0034305358582074
404,5,0.09297317373362589,0.09071792821482211,1.0248599760067636,2.4859976006763596
405,5,0.09092521678131602,0.09071792821482211,1.0022849790617245,0.22849790617245347
406,5,0.09120571323940325,0.09071792821482211,1.005376941847989,0.5376941847988981
407,5,0.09078818316052636,0.09071792821482211,1.0007744328721648,0.07744328721648319
408,5,0.09103593958073442,0.09071792821482211,1.003505496346425,0.3505496346424941
409,5,0.09104730879281178,0.09071792821482211,1.0036308212111027,0.3630821211102697
410,5,0.0925370421158182,0.09071792821482211,1.0200524189296782,2.005241892967824
411,5,0.09086241495887457,0.09071792821482211,1.0015927033045806,0.15927033045806116
412,5,0.09185252503104079,0.09071792821482211,1.0125068642830106,1.2506864283010621
413,5,0.0908683553728268,0.09071792821482211,1.0016581855534494,0.16581855534494316
414,5,0.09097519005960104,0.09071792821482211,1.0028358434748392,0.2835843474839228
415,5,0.09091102405231324,0.09071792821482211,1.0021285300633618,0.21285300633617776
416,5,0.09082586325511742,0.09071792821482211,1.001189787315686,0.11897873156860861
417,5,0.09125630498502385,0.09071792821482211,1.0059346237375137,0.5934623737513745
418,5,0.0907842426344432,0.09071792821482211,1.0007309957461115,0.07309957461114625
419,5,0.09080940857876779,0.09071792821482211,1.0010084044658631,0.10084044658631441
420,5,0.09274963154591945,0.09071792821482211,1.022395830362067,2.239583036206705
421,5,0.09103189197199578,0.09071792821482211,1.0034608788290469,0.3460878829046887
422,5,0.09136745303612401,0.09071792821482211,1.0071598286478038,0.7159828647803845
423,5,0.09174954287143938,0.09071792821482211,1.0113716734598963,1.1371673459896314
424,5,0.09097539393625746,0.09071792821482211,1.002838090843804,0.2838090843803931
425,5,0.09111885423250571,0.09071792821482211,1.0044194794300658,0.441947943006582
426,5,0.09082303046695589,0.09071792821482211,1.0011585609835014,0.11585609835014221
427,5,0.09126318097873772,0.09071792821482211,1.0060104190499637,0.6010419049963689
428,5,0.09097150247312062,0.09071792821482211,1.0027951945474112,0.2795194547411173
429,5,0.09164024797562825,0.09071792821482211,1.010166896212864,1.016689621286404
430,5,0.09173584894854094,0.09071792821482211,1.0112207228907208,1.1220722890720847
431,5,0.0909768709375976,0.09071792821482211,1.0028543720945908,0.2854372094590829
432,5,0.09104027500250468,0.09071792821482211,1.0035532864784924,0.3553286478492401
433,5,0.09149798500383287,0.09071792821482211,1.008598705948879,0.8598705948879015
434,5,0.09090762425299351,0.09071792821482211,1.0020910534654428,0.20910534654428048
435,5,0.0910326940776271,0.09071792821482211,1.0034697205833407,0.34697205833407185
436,5,0.09090478928388838,0.09071792821482211,1.0020598030923258,0.20598030923257848
437,5,0.09108879472534823,0.09071792821482211,1.0040881280891678,0.40881280891678085
438,5,0.09166961052010639,0.09071792821482211,1.0104905648090934,1.0490564809093383
439,5,0.09080284578805357,0.09071792821482211,1.0009360616462755,0.09360616462754656
440,5,0.09100530407213726,0.09071792821482211,1.003167795638307,0.3167795638306936
441,5,0.09112081648078445,0.09071792821482211,1.0044411096449237,0.4441109644923724
442,5,0.09087515167437298,0.09071792821482211,1.0017331024048362,0.1733102404836151
443,5,0.09137051460735766,0.09071792821482211,1.0071935768968425,0.7193576896842524
444,5,0.0908449892874007,0.09071792821482211,1.0014006170012801,0.14006170012801356
445,5,0.09080007683209308,0.09071792821482211,1.0009055389478962,0.0905538947896245
446,5,0.09161729192039819,0.09071792821482211,1.0099138474971163,0.9913847497116324
447,5,0.0932523135994608,0.09071792821482211,1.0279369848332207,2.7936984833220713
448,5,0.09135390078722785,0.09071792821482211,1.007010439776576,0.7010439776576005
449,5,0.09102628414180983,0.09071792821482211,1.0033990627107083,0.3399062710708334
450,5,0.09093021518896739,0.09071792821482211,1.0023400774061173,0.23400774061173024
451,5,0.09154145626996522,0.09071792821482211,1.0090778975153951,0.9077897515395117
452,5,0.0910531693774258,0.09071792821482211,1.003695423486853,0.36954234868529223
453,5,0.09142845924583505,0.09071792821482211,1.0078323110436385,0.7832311043638462
454,5,0.09129093965287192,0.09071792821482211,1.0063164078956137,0.6316407895613718
455,5,0.09176025609960299,0.09071792821482211,1.0114897672961911,1.1489767296191111
456,5,0.09279234178307545,0.09071792821482211,1.0228666329696274,2.286663296962743
457,5,0.09085830374825647,0.09071792821482211,1.0015473846922733,0.15473846922733347
458,5,0.09185154024952685,0.09071792821482211,1.0124960088596857,1.2496008859685714
459,5,0.09694683418644298,0.09071792821482211,1.0686623481619937,6.866234816199368
460,5,0.09130535962187245,0.09071792821482211,1.006475361801245,0.6475361801244972
461,5,0.09168284884889681,0.09071792821482211,1.0106364932826701,1.0636493282670134
462,5,0.09096460181919329,0.09071792821482211,1.0027191274010034,0.27191274010034405
463,5,0.09126270672091422,0.09071792821482211,1.0060051912208805,0.6005191220880501
464,5,0.09140904360731734,0.09071792821482211,1.0076182889765588,0.7618288976558807
465,5,0.09109206487916459,0.09071792821482211,1.004124175581441,0.41241755814409586
466,5,0.09683742374907568,0.09071792821482211,1.0674562972796564,6.745629727965641
467,5,0.0924948530503008,0.09071792821482211,1.0195873612906028,1.958736129060279
468,5,0.09194887655818694,0.09071792821482211,1.0135689644548531,1.3568964454853116
469,5,0.0910272810106616,0.09071792821482211,1.0034100513749271,0.34100513749271144
470,5,0.09095196251937308,0.09071792821482211,1.0025798021312478,0.2579802131247755
471,5,0.09084677385290812,0.09071792821482211,1.0014202885870687,0.14202885870686632
472,5,0.09148387710932922,0.09071792821482211,1.0084431920964214,0.8443192096421415
473,5,0.09103911363956582,0.09071792821482211,1.003540484566437,0.35404845664370743
474,5,0.09092470161801845,0.09071792821482211,1.0022793003242612,0.22793003242611576
475,5,0.09319980921300264,0.09071792821482211,1.0273582195605633,2.735821956056328
476,5,0.09081655085942474,0.09071792821482211,1.001087135107066,0.10871351070660396
477,5,0.0916083058353233,0.09071792821482211,1.0098147922689853,0.9814792268985295
478,5,0.09098385665392267,0.09071792821482211,1.0029313768990715,0.2931376899071525
479,5,0.09099829226821111,0.09071792821482211,1.0030905032655189,0.30905032655188514
480,5,0.09169091860923541,0.09071792821482211,1.010725447698819,1.0725447698819002
481,5,0.09165068743575697,0.09071792821482211,1.0102819722549887,1.0281972254988725
482,5,0.09141319813170004,0.09071792821482211,1.007664085044265,0.7664085044265079
483,5,0.09196676323272805,0.09071792821482211,1.0137661324776803,1.3766132477680326
484,5,0.09283475546752681,0.09071792821482211,1.0233341666235147,2.333416662351473
485,5,0.09105341883727226,0.09071792821482211,1.0036981733275003,0.36981733275003315
486,5,0.09086657046834352,0.09071792821482211,1.0016385102310694,0.16385102310694233
487,5,0.09080301124192526,0.09071792821482211,1.00093788547399,0.09378854739900966
488,5,0.09110710421702349,0.09071792821482211,1.0042899569011299,0.42899569011298766
489,5,0.09086219533716079,0.09071792821482211,1.0015902823750236,0.15902823750235662
490,5,0.0921666543483809,0.09071792821482211,1.0159695681114782,1.5969568111478205
491,5,0.09228652478248446,0.09071792821482211,1.01729092141465,1.729092141464994
492,5,0.09096367724501299,0.09071792821482211,1.0027089356539198,0.27089356539198306
493,5,0.09180684974783485,0.09071792821482211,1.0120033774408312,1.2003377440831242
494,5,0.09094008392830052,0.09071792821482211,1.0024488622905094,0.2448862290509446
495,5,0.09130143429105078,0.09071792821482211,1.0064320921752856,0.643209217528562
496,5,0.0908723040007376,0.09071792821482211,1.0017017119874028,0.17017119874027653
497,5,0.09179275838756665,0.09071792821482211,1.0118480458482177,1.1848045848217748
498,5,0.09199449753364612,0.09071792821482211,1.0140718526529957,1.4071852652995709
499,5,0.0911606543999501,0.09071792821482211,1.0048802501759035,0.48802501759035444
0,10,0.09071813952922747,0.09071792821482211,1.0000023293566058,0.00023293566058235626
1,10,0.09072572017340731,0.09071792821482211,1.0000858921575762,0.008589215757615065
2,10,0.09071975226287532,0.09071792821482211,1.000020106808975,0.00201068089749068
3,10,0.09071813509979203,0.09071792821482211,1.0000022805301443,0.00022805301442829773
4,10,0.09071823690615415,0.09071792821482211,1.0000034027599407,0.0003402759940707156
5,10,0.09071859893112481,0.09071792821482211,1.0000073934261497,0.0007393426149748805
6,10,0.09071842145658096,0.09071792821482211,1.000005437092409,0.0005437092408966393
7,10,0.090718335066403,0.09071792821482211,1.0000044847979765,0.00044847979765449963
8,10,0.09071852403072675,0.09071792821482211,1.0000065677856227,0.0006567785622690892
9,10,0.0907183039941571,0.09071792821482211,1.0000041422830348,0.0004142283034802574
10,10,0.09072132245924794,0.09071792821482211,1.0000374153653266,0.0037415365326642913
11,10,0.09071943373679307,0.09071792821482211,1.0000165956388178,0.0016595638817840097
12,10,0.09071871340957693,0.09071792821482211,1.000008655342668,0.000865534266791812
13,10,0.09071861650786217,0.09071792821482211,1.0000075871776792,0.0007587177679235779
14,10,0.09071857420539237,0.09071792821482211,1.0000071208699643,0.0007120869964349907
15,10,0.09071810364226361,0.09071792821482211,1.0000019337681643,0.00019337681642639382
16,10,0.09071956480714771,0.09071792821482211,1.0000180404508547,0.0018040450854739376
17,10,0.09071835069509518,0.09071792821482211,1.0000046570758547,0.0004657075854730408
18,10,0.09071962086035798,0.09071792821482211,1.0000186583354491,0.0018658335449117658
19,10,0.09071915976379476,0.09071792821482211,1.0000135755852992,0.001357558529924141
20,10,0.0907183340671987,0.09071792821482211,1.0000044737835683,0.00044737835682706617
21,10,0.09087466232221716,0.09071792821482211,1.0017277081882194,0.17277081882194345
22,10,0.09071826650507657,0.09071792821482211,1.0000037290341734,0.0003729034173449719
23,10,0.09072195087175915,0.09071792821482211,1.000044342469192,0.004434246919204909
24,10,0.09071930153933835,0.09071792821482211,1.0000151384025546,0.0015138402554626396
25,10,0.09071856641423447,0.09071792821482211,1.000007034986633,0.0007034986633014384
26,10,0.09071864155784884,0.09071792821482211,1.000007863308177,0.0007863308177036288
27,10,0.09071930679098367,0.09071792821482211,1.0000151962923833,0.0015196292383334864
28,10,0.09071864614089252,0.09071792821482211,1.00000791382789,0.000791382788989381
29,10,0.09071825492441218,0.09071792821482211,1.0000036013784321,0.0003601378432138702
30,10,0.09072004363839462,0.09071792821482211,1.000023318693605,0.002331869360494565
31,10,0.09071875819253414,0.09071792821482211,1.0000091489932406,0.0009148993240559733
32,10,0.09071911449659627,0.09071792821482211,1.000013076596848,0.0013076596848016209
33,10,0.09071970915844518,0.09071792821482211,1.0000196316611074,0.001963166110741099
34,10,0.09072578912256896,0.09071792821482211,1.0000866521965563,0.008665219655634715
35,10,0.09071826761136609,0.09071792821482211,1.0000037412290013,0.0003741229001263946
36,10,0.09072010628626352,0.09071792821482211,1.0000240092723045,0.002400927230450378
37,10,0.09071907876218199,0.09071792821482211,1.0000126826899878,0.001268268998777522
38,10,0.09072089495940457,0.09071792821482211,1.000032702957848,0.0032702957847963177
39,10,0.09071885026666386,0.09071792821482211,1.000010163942893,0.0010163942893104405
40,10,0.09071933244834729,0.09071792821482211,1.0000154791181062,0.0015479118106176415
41,10,0.0907181721831155,0.09071792821482211,1.0000026893062726,0.000268930627256303
42,10,0.09072082874595175,0.09071792821482211,1.000031973075077,0.0031973075077074142
43,10,0.09071930627884488,0.09071792821482211,1.0000151906469856,0.0015190646985629996
44,10,0.09071841427373827,0.09071792821482211,1.000005357914645,0.000535791464506552
45,10,0.0907189479094286,0.09071792821482211,1.0000112402766086,0.0011240276608592836
46,10,0.09071826519870846,0.09071792821482211,1.0000037146338434,0.0003714633843410198
47,10,0.09071840322092724,0.09071792821482211,1.000005236077526,0.000523607752600519
48,10,0.0907181993979323,0.09071792821482211,1.0000029893000812,0.00029893000812464265
49,10,0.09071862099041592,0.09071792821482211,1.0000076365896735,0.0007636589673509775
50,10,0.09071823564448618,0.09071792821482211,1.0000033888523483,0.0003388852348296112
51,10,0.09071904347948788,0.09071792821482211,1.00001229376252,0.001229376251998815
52,10,0.09071844232132541,0.09071792821482211,1.0000056670882307,0.0005667088230687511
53,10,0.09071947986461953,0.09071792821482211,1.0000171041141257,0.00171041141256989
54,10,0.09071819749813695,0.09071792821482211,1.0000029683582963,0.0002968358296273621
55,10,0.09071858162321784,0.09071792821482211,1.0000072026379856,0.000720263798559273
56,10,0.09071901250580741,0.09071792821482211,1.0000119523340827,0.00119523340826877
57,10,0.09072012944057756,0.09071792821482211,1.0000242645064628,0.0024264506462756685
58,10,0.09072113563509362,0.09071792821482211,1.0000353559691522,0.0035355969152162103
59,10,0.0907182482185183,0.09071792821482211,1.0000035274581607,0.0003527458160679231
60,10,0.09071805437103002,0.09071792821482211,1.0000013906425156,0.00013906425155862934
61,10,0.09071837127910487,0.09071792821482211,1.0000048839770868,0.000488397708675592
62,10,0.09071821206847512,0.09071792821482211,1.0000031289697484,0.0003128969748411592
63,10,0.09071829711882731,0.09071792821482211,1.000004066495041,0.0004066495040921936
64,10,0.09072150357509635,0.09071792821482211,1.0000394118378209,0.003941183782085744
65,10,0.09072294430533936,0.09071792821482211,1.0000552932657962,0.005529326579623017
66,10,0.09072112567136563,0.09071792821482211,1.0000352461371909,0.003524613719085856
67,10,0.09072680510521433,0.09071792821482211,1.0000978515555514,0.009785155555142033
68,10,0.0907189737467414,0.09071792821482211,1.0000115250859436,0.0011525085943597801
69,10,0.09072197646939215,0.09071792821482211,1.0000446246364936,0.004462463649357318
70,10,0.09072249767404442,0.09071792821482211,1.000050369968894,0.005036996889407064
71,10,0.0907239720354487,0.09071792821482211,1.0000666221191943,0.006662211919428174
72,10,0.09072001263639871,0.09071792821482211,1.0000229769530413,0.0022976953041320414
73,10,0.09071818209418771,0.09071792821482211,1.0000027985578,0.0002798557799943424
74,10,0.0907186794203277,0.09071792821482211,1.000008280673075,0.0008280673075011791
75,10,0.0907189226546716,0.09071792821482211,1.0000109618888908,0.0010961888890825833
76,10,0.09072069013768276,0.09071792821482211,1.0000304451712578,0.0030445171257831305
77,10,0.09071827996802181,0.09071792821482211,1.0000038774386346,0.00038774386346140943
78,10,0.09071947353092319,0.09071792821482211,1.0000170342966543,0.0017034296654339087
79,10,0.09071815200972816,0.09071792821482211,1.0000024669314043,0.0002466931404265793
80,10,0.09071940054992854,0.09071792821482211,1.0000162298140556,0.001622981405557944
81,10,0.0907194453099605,0.09071792821482211,1.000016723211919,0.0016723211919034142
82,10,0.09071841716300696,0.09071792821482211,1.0000053897635723,0.0005389763572338779
83,10,0.09072383947553768,0.09071792821482211,1.0000651608875102,0.006516088751018501
84,10,0.09071851322406081,0.09071792821482211,1.000006448661805,0.0006448661804991929
85,10,0.09071958148193374,0.09071792821482211,1.000018224260013,0.0018224260013077753
86,10,0.09072243451882214,0.09071792821482211,1.000049673797547,0.004967379754705625
87,10,0.09071837076374774,0.09071792821482211,1.0000048782962128,0.00048782962127624785
88,10,0.09071846127972444,0.09071792821482211,1.000005876070065,0.0005876070064969596
89,10,0.09071894888958447,0.09071792821482211,1.0000112510810426,0.001125108104260697
90,10,0.09071886982693005,0.09071792821482211,1.0000103795592168,0.0010379559216788792
91,10,0.09071834946277452,0.09071792821482211,1.0000046434917629,0.00046434917628790373
92,10,0.09072120840253613,0.09071792821482211,1.0000361580977275,0.0036158097727501115
93,10,0.09072323437030783,0.09071792821482211,1.0000584907039891,0.005849070398911138
94,10,0.09073036827272064,0.09071792821482211,1.0001371289903036,0.013712899030360326
95,10,0.09071854383486334,0.09071792821482211,1.0000067860901738,0.0006786090173793724
96,10,0.09071927846222076,0.09071792821482211,1.0000148840193468,0.001488401934679473
97,10,0.09071919488820127,0.09071792821482211,1.0000139627679345,0.0013962767934527776
98,10,0.09071856863268356,0.09071792821482211,1.0000070594409953,0.0007059440995327293
99,10,0.09072103333241521,0.09071792821482211,1.000034228268372,0.0034228268372071824
100,10,0.0907182001785723,0.09071792821482211,1.000002997905216,0.0002997905216073349
101,10,0.09071967368687776,0.09071792821482211,1.000019240651655,0.0019240651655039187
102,10,0.09072031951474024,0.09071792821482211,1.0000263597280625,0.0026359728062530507
103,10,0.0907200742992609,0.09071792821482211,1.0000236566738354,0.002365667383541492
104,10,0.0907217709751287,0.09071792821482211,1.0000423594363563,0.004235943635633177
105,10,0.09071826527703525,0.09071792821482211,1.0000037154972536,0.0003715497253642397
106,10,0.09071885460899227,0.09071792821482211,1.0000102118091583,0.001021180915827813
107,10,0.09071820300202572,0.09071792821482211,1.00000302902865,0.0003029028649903509
108,10,0.09072000409623114,0.09071792821482211,1.0000228828132418,0.0022882813241809075
109,10,0.0907180311212512,0.09071792821482211,1.000001134356032,0.00011343560319954094
110,10,0.09071838647621394,0.09071792821482211,1.000005051497547,0.0005051497546926242
111,10,0.09071858154020805,0.09071792821482211,1.0000072017229538,0.0007201722953764644
112,10,0.0907191914331287,0.09071792821482211,1.0000139246820496,0.0013924682049637482
113,10,0.09072966032391422,0.09071792821482211,1.000129325143585,0.01293251435849907
114,10,0.09072430853821392,0.09071792821482211,1.0000703314495532,0.0070331449553151515
115,10,0.09071886601750252,0.09071792821482211,1.0000103375672138,0.0010337567213802856
116,10,0.09071805273455535,0.09071792821482211,1.0000013726033619,0.00013726033618599587
117,10,0.09071954225680724,0.09071792821482211,1.0000177918744055,0.00177918744055372
118,10,0.09071844738540794,0.09071792821482211,1.000005722910521,0.0005722910521033242
119,10,0.09073577252634192,0.09071792821482211,1.0001967010476425,0.019670104764246688
120,10,0.09071895741194415,0.09071792821482211,1.0000113450245425,0.0011345024542475102
121,10,0.09072299305101761,0.09071792821482211,1.0000558305981537,0.005583059815372771
122,10,0.09071930310493294,0.09071792821482211,1.0000151556603847,0.0015155660384680303
123,10,0.09072158824710956,0.09071792821482211,1.000040345192615,0.004034519261497671
124,10,0.09072607062868943,0.09071792821482211,1.0000897552890322,0.008975528903221175
125,10,0.09072033431264057,0.09071792821482211,1.000026522847973,0.002652284797299842
126,10,0.09071851606071955,0.09071792821482211,1.0000064799308033,0.0006479930803271472
127,10,0.09071998462912187,0.09071792821482211,1.0000226682238034,0.0022668223803368193
128,10,0.09072149158960079,0.09071792821482211,1.0000392797195528,0.003927971955275389
129,10,0.09072075339709945,0.09071792821482211,1.0000311424911585,0.0031142491158542285
130,10,0.09071856422943553,0.09071792821482211,1.0000070109032022,0.0007010903202209207
131,10,0.09071884519758089,0.09071792821482211,1.000010108065482,0.0010108065481961859
132,10,0.0907242586266935,0.09071792821482211,1.000069781265908,0.006978126590806433
133,10,0.09071841592501526,0.09071792821482211,1.0000053761169676,0.000537611696760365
134,10,0.09071826041485118,0.09071792821482211,1.0000036619005261,0.00036619005261417925
135,10,0.09072082214865726,0.09071792821482211,1.000031900351916,0.003190035191602547
136,10,0.0907192282888178,0.09071792821482211,1.0000143309489236,0.0014330948923557685
137,10,0.09072009745897748,0.09071792821482211,1.0000239119675467,0.0023911967546697
138,10,0.09071844798264707,0.09071792821482211,1.0000057294939952,0.0005729493995243473
139,10,0.09072012747865212,0.09071792821482211,1.0000242428798065,0.0024242879806513074
140,10,0.09071851035831466,0.09071792821482211,1.000006417072171,0.0006417072170972205
141,10,0.0907198086718917,0.09071792821482211,1.0000207286156837,0.0020728615683696106
142,10,0.0907196849761848,0.09071792821482211,1.000019365095712,0.0019365095712098324
143,10,0.09071898087614344,0.09071792821482211,1.0000116036746214,0.0011603674621385451
144,10,0.0907197524240338,0.09071792821482211,1.0000201085854536,0.0020108585453648686
145,10,0.09071807844291686,0.09071792821482211,1.0000016559912435,0.00016559912434654933
146,10,0.09072044325067359,0.09071792821482211,1.0000277236914574,0.002772369145742637
147,10,0.09072026005729142,0.09071792821482211,1.0000257043179357,0.0025704317935693055
148,10,0.09071848644173557,0.09071792821482211,1.0000061534354283,0.0006153435428313259
149,10,0.09071865705617424,0.09071792821482211,1.0000080341489987,0.0008034148998747881
150,10,0.09072108545720976,0.09071792821482211,1.000034802849335,0.0034802849335102692
151,10,0.09072143727408685,0.09071792821482211,1.000038680989897,0.003868098989689983
152,10,0.0907185543778748,0.09071792821482211,1.0000069023076805,0.0006902307680523023
153,10,0.09071847480968383,0.09071792821482211,1.0000060252132348,0.0006025213234783777
154,10,0.09071846288132053,0.09071792821482211,1.000005893724746,0.0005893724746020013
155,10,0.09072017315682111,0.09071792821482211,1.0000247463984593,0.00247463984592855
156,10,0.09071840201868653,0.09071792821482211,1.000005222825011,0.0005222825010919863
157,10,0.09072022975959966,0.09071792821482211,1.0000253703410433,0.0025370341043329248
158,10,0.0907185355405009,0.09071792821482211,1.0000066946599282,0.0006694659928196955
159,10,0.09071869555504386,0.09071792821482211,1.0000084585289464,0.0008458528946375665
160,10,0.090719294610263,0.09071792821482211,1.0000150620221138,0.0015062022113765394
161,10,0.09071853385700862,0.09071792821482211,1.0000066761024908,0.0006676102490832392
162,10,0.0907187475911316,0.09071792821482211,1.0000090321320783,0.0009032132078257149
163,10,0.09072026100016317,0.09071792821482211,1.0000257147113802,0.0025714711380242505
164,10,0.09071855270628694,0.09071792821482211,1.0000068838814677,0.0006883881467745212
165,10,0.09071958426445573,0.09071792821482211,1.0000182549322523,0.0018254932252270706
166,10,0.09072507477009899,0.09071792821482211,1.0000787777611053,0.007877776110531975
167,10,0.09071929076344874,0.09071792821482211,1.00001501961799,0.0015019617989997514
168,10,0.0907203341377127,0.09071792821482211,1.0000265209197117,0.0026520919711670032
169,10,0.09071857530073286,0.09071792821482211,1.0000071329440992,0.0007132944099152994
170,10,0.09071877992393973,0.09071792821482211,1.0000093885424235,0.0009388542423494073
171,10,0.09071889745935845,0.09071792821482211,1.0000106841564331,0.0010684156433127256
172,10,0.09071837728202185,0.09071792821482211,1.0000049501483177,0.0004950148317695025
173,10,0.0907188557924993,0.09071792821482211,1.0000102248551686,0.0010224855168550206
174,10,0.09072988289705014,0.09071792821482211,1.000131778607198,0.013177860719792989
175,10,0.09071809069664002,0.09071792821482211,1.0000017910662327,0.0001791066232659233
176,10,0.0907229184851261,0.09071792821482211,1.0000550086449524,0.005500864495244784
177,10,0.09072964618556238,0.09071792821482211,1.0001291692939958,0.012916929399575672
178,10,0.09071992036582012,0.09071792821482211,1.0000219598378977,0.0021959837897655987
179,10,0.09071819346409395,0.09071792821482211,1.0000029238903165,0.00029238903165307306
180,10,0.0907182987585897,0.09071792821482211,1.0000040845704359,0.0004084570435880508
181,10,0.09071832680393628,0.09071792821482211,1.0000043937193233,0.0004393719323259049
182,10,0.09071845881292152,0.09071792821482211,1.0000058488780537,0.00058488780536603
183,10,0.09071848816652232,0.09071792821482211,1.0000061724480622,0.0006172448062224944
184,10,0.09072023923270602,0.09071792821482211,1.0000254747647943,0.002547476479430877
185,10,0.09071881505004546,0.09071792821482211,1.0000097757437896,0.000977574378957513
186,10,0.09071901741245983,0.09071792821482211,1.0000120064209925,0.0012006420992527467
187,10,0.09072138698868087,0.09071792821482211,1.0000381266848442,0.0038126684844153047
188,10,0.09071885542933548,0.09071792821482211,1.0000102208519488,0.0010220851948794518
189,10,0.09072356992550912,0.09071792821482211,1.0000621895891808,0.006218958918080553
190,10,0.09071822402239485,0.09071792821482211,1.0000032607399503,0.0003260739950272651
191,10,0.090719074925939,0.09071792821482211,1.000012640402393,0.0012640402393016004
192,10,0.0907182534832521,0.09071792821482211,1.000003585492266,0.0003585492265978374
193,10,0.09072021700406104,0.09071792821482211,1.0000252297344523,0.0025229734452292263
194,10,0.0907192457481231,0.09071792821482211,1.0000145234059785,0.001452340597851709
195,10,0.09072561896371358,0.09071792821482211,1.0000847765049623,0.008477650496230282
196,10,0.09071849471070756,0.09071792821482211,1.0000062445857902,0.0006244585790238233
197,10,0.09071854494910811,0.09071792821482211,1.0000067983726937,0.0006798372693683774
198,10,0.0907184462176391,0.09071792821482211,1.0000057100379955,0.000571003799554326
199,10,0.09071800283224579,0.09071792821482211,1.0000008225212498,8.225212497769974e-05
200,10,0.0907228687745684,0.09071792821482211,1.0000544606765553,0.00544606765553457
201,10,0.09072015591899367,0.09071792821482211,1.0000245563827945,0.002455638279452721
202,10,0.09071915615236562,0.09071792821482211,1.0000135357758677,0.0013535775867712374
203,10,0.09071963913337809,0.09071792821482211,1.0000188597622284,0.001885976222837371
204,10,0.0907217747163509,0.09071792821482211,1.0000424006765198,0.004240067651983814
205,10,0.09071804898896654,0.09071792821482211,1.0000013313150644,0.00013313150644123084
206,10,0.09071851859740455,0.09071792821482211,1.000006507893137,0.0006507893137053244
207,10,0.0907196376175401,0.09071792821482211,1.0000188430528743,0.0018843052874251143
208,10,0.09071846571097704,0.09071792821482211,1.0000059249165574,0.0005924916557376037
209,10,0.09071848948926715,0.09071792821482211,1.0000061870289159,0.0006187028915860537
210,10,0.09071884388436145,0.09071792821482211,1.0000100935896286,0.0010093589628556998
211,10,0.09071851900571737,0.09071792821482211,1.0000065123940425,0.0006512394042479386
212,10,0.09071823718470508,0.09071792821482211,1.0000034058304577,0.0003405830457658965
213,10,0.0907189258063726,0.09071792821482211,1.0000109966306563,0.0010996630656290307
214,10,0.09072684384526442,0.09071792821482211,1.0000982785940746,0.009827859407463002
215,10,0.09071852796596311,0.09071792821482211,1.000006611164439,0.0006611164439007666
216,10,0.09071814915671905,0.09071792821482211,1.000002435482173,0.0002435482173046566
217,10,0.09072009686524356,0.09071792821482211,1.0000239054227111,0.0023905422711134605
218,10,0.0907184394346809,0.09071792821482211,1.0000056352682303,0.0005635268230275159
219,10,0.09071841921528623,0.09071792821482211,1.000005412386215,0.0005412386214986853
220,10,0.09071840149598102,0.09071792821482211,1.0000052170631344,0.0005217063134388411
221,10,0.09071881610336897,0.09071792821482211,1.0000097873547638,0.000978735476375725
222,10,0.09071873522619328,0.09071792821482211,1.0000088958311444,0.0008895831144384303
223,10,0.090718817289706,0.09071792821482211,1.0000098004319695,0.0009800431969519963
224,10,0.09071850742278213,0.09071792821482211,1.0000063847132692,0.0006384713269191877
225,10,0.0907203721926528,0.09071792821482211,1.0000269404061446,0.0026940406144593254
226,10,0.09071859168608488,0.09071792821482211,1.0000073135627745,0.0007313562774502458
227,10,0.09072095213837587,0.09071792821482211,1.000033333251908,0.0033333251908018724
228,10,0.09071877942528482,0.09071792821482211,1.0000093830456611,0.0009383045661115474
229,10,0.09072089555736926,0.09071792821482211,1.00003270954932,0.0032709549319998033
230,10,0.09072083392472738,0.09071792821482211,1.0000320301616499,0.0032030161649876376
231,10,0.09071820266929713,0.09071792821482211,1.000003025360923,0.0003025360922892517
232,10,0.0907188554048873,0.09071792821482211,1.000010220582452,0.0010220582451925253
233,10,0.09071800738628162,0.09071792821482211,1.0000008727212037,8.727212037484833e-05
234,10,0.09071842644716978,0.09071792821482211,1.000005492104565,0.0005492104564908118
235,10,0.090719300685829,0.09071792821482211,1.000015128994168,0.0015128994167890042
236,10,0.09071935725118893,0.09071792821482211,1.0000157525242799,0.0015752524279877278
237,10,0.09072275249367857,0.09071792821482211,1.0000531788914429,0.005317889144285104
238,10,0.0907184645681934,0.09071792821482211,1.0000059123194482,0.0005912319448242442
239,10,0.09071825772410218,0.09071792821482211,1.0000036322399173,0.0003632239917283897
240,10,0.09071903185890458,0.09071792821482211,1.0000121656667451,0.0012165666745111992
241,10,0.09072288139015226,0.09071792821482211,1.0000545997404,0.005459974040000759
242,10,0.09071841742893479,0.09071792821482211,1.0000053926949426,0.0005392694942596421
243,10,0.09071942275376683,0.09071792821482211,1.000016474570949,0.0016474570948998846
244,10,0.09071895446716628,0.09071792821482211,1.0000113125637278,0.001131256372777223
245,10,0.09071823571376944,0.09071792821482211,1.0000033896160703,0.00033896160702706624
246,10,0.09071831220489297,0.09071792821482211,1.0000042327914496,0.0004232791449565454
247,10,0.09071816828224058,0.09071792821482211,1.0000026463062286,0.0002646306228593076
248,10,0.09072065308136015,0.09071792821482211,1.0000300366927648,0.003003669276480103
249,10,0.09071913962964925,0.09071792821482211,1.0000133536430007,0.0013353643000701965
250,10,0.09071857813760924,0.09071792821482211,1.0000071642154966,0.0007164215496624493
251,10,0.09071954010225686,0.09071792821482211,1.00001776812441,0.001776812441001141
252,10,0.09071862271221175,0.09071792821482211,1.0000076555693378,0.0007655569337794432
253,10,0.09099342855054036,0.09071792821482211,1.0030368896329496,0.30368896329495687
254,10,0.09071944017274994,0.09071792821482211,1.0000166665835253,0.0016666583525282164
255,10,0.09071910114644145,0.09071792821482211,1.000012929435696,0.0012929435696085179
256,10,0.09071832508596206,0.09071792821482211,1.0000043747817853,0.0004374781785276838
257,10,0.09071873766344012,0.09071792821482211,1.0000089226973536,0.0008922697353641595
258,10,0.09071906126477149,0.09071792821482211,1.0000124898128924,0.0012489812892368946
259,10,0.09071933221775752,0.09071792821482211,1.0000154765762737,0.0015476576273654175
260,10,0.0907184585941393,0.09071792821482211,1.000005846466378,0.0005846466377912307
261,10,0.0907196073054404,0.09071792821482211,1.0000185089171605,0.001850891716048686
262,10,0.09071840387270783,0.09071792821482211,1.0000052432622204,0.0005243262220400169
263,10,0.09071896693173404,0.09071792821482211,1.0000114499628945,0.0011449962894483079
264,10,0.09071814221880757,0.09071792821482211,1.0000023590043299,0.00023590043298771235
265,10,0.09071802167316072,0.09071792821482211,1.0000010302080355,0.00010302080355462095
266,10,0.09071843237943067,0.09071792821482211,1.000005557496941,0.0005557496941088758
267,10,0.09074568998635481,0.09071792821482211,1.0003060229888292,0.03060229888292021
268,10,0.09072290438349088,0.09071792821482211,1.0000548532000972,0.005485320009723793
269,10,0.09072006113300314,0.09071792821482211,1.0000235115398137,0.0023511539813725335
270,10,0.09071857688339086,0.09071792821482211,1.0000071503900223,0.0007150390022303554
271,10,0.09072013354315066,0.09071792821482211,1.000024309729862,0.0024309729862004303
272,10,0.09071844340912959,0.09071792821482211,1.0000056790792913,0.0005679079291276423
273,10,0.09072034458386177,0.09071792821482211,1.0000266360694872,0.0026636069487162572
274,10,0.09071955637070446,0.09071792821482211,1.000017947454427,0.0017947454427069687
275,10,0.09072284340057467,0.09071792821482211,1.0000541809744699,0.005418097446985293
276,10,0.09072504089171968,0.09071792821482211,1.0000784043136515,0.007840431365147005
277,10,0.09071881126169043,0.09071792821482211,1.0000097339840723,0.0009733984072335389
278,10,0.0907233658405036,0.09071792821482211,1.0000599399235464,0.005993992354635935
279,10,0.09071921687567033,0.09071792821482211,1.0000142051397511,0.0014205139751144458
280,10,0.09071841718586586,0.09071792821482211,1.00000539001555,0.000539001555011076
281,10,0.09071870875967268,0.09071792821482211,1.000008604085939,0.0008604085939056816
282,10,0.09071835071484298,0.09071792821482211,1.0000046572935382,0.0004657293538157248
283,10,0.09071868745518308,0.09071792821482211,1.0000083692427275,0.0008369242727512827
284,10,0.09071925063423736,0.09071792821482211,1.0000145772664926,0.0014577266492565855
285,10,0.09071993613969044,0.09071792821482211,1.0000221337161006,0.0022133716100602996
286,10,0.09071838895414222,0.09071792821482211,1.0000050788121948,0.0005078812194803106
287,10,0.09071834539464582,0.09071792821482211,1.0000045986480504,0.0004598648050357923
288,10,0.09071850910629099,0.09071792821482211,1.0000064032708893,0.0006403270889299151
289,10,0.09071806295559573,0.09071792821482211,1.0000014852717238,0.00014852717238333923
290,10,0.09072010462371026,0.09071792821482211,1.0000239909456816,0.002399094568161786
291,10,0.09071853716217158,0.09071792821482211,1.0000067125358951,0.0006712535895125882
292,10,0.09072048555749479,0.09071792821482211,1.0000281900471384,0.0028190047138387797
293,10,0.09071844798585085,0.09071792821482211,1.000005729529311,0.0005729529310993797
294,10,0.09071838742217674,0.09071792821482211,1.0000050619250644,0.0005061925064442363
295,10,0.09071892506969927,0.09071792821482211,1.000010988510174,0.0010988510174003707
296,10,0.09071982888308983,0.09071792821482211,1.0000209514073473,0.002095140734725831
297,10,0.09071815673307063,0.09071792821482211,1.0000025189976558,0.00025189976557982163
298,10,0.09073512388661734,0.09071792821482211,1.0001895509755747,0.01895509755747149
299,10,0.09071927733399136,0.09071792821482211,1.0000148715826718,0.0014871582671771577
300,10,0.09071855020495641,0.09071792821482211,1.0000068563088524,0.0006856308852443149
301,10,0.09071863697727137,0.09071792821482211,1.0000078128156495,0.0007812815649543836
302,10,0.09072011124323216,0.09071792821482211,1.0000240639138593,0.0024063913859340147
303,10,0.09071798382847698,0.09071792821482211,1.0000006130392962,6.130392962155895e-05
304,10,0.09071891726925194,0.09071792821482211,1.0000109025244435,0.0010902524443467954
305,10,0.09071841471840147,0.09071792821482211,1.0000053628162475,0.0005362816247522773
306,10,0.09071849625635348,0.09071792821482211,1.0000062616237224,0.0006261623722414456
307,10,0.09072177464362458,0.09071792821482211,1.0000423998748447,0.004239987484466745
308,10,0.09071832709887286,0.09071792821482211,1.0000043969704622,0.0004396970462172689
309,10,0.09071911941133962,0.09071792821482211,1.0000131307729458,0.0013130772945846303
310,10,0.09072228047319197,0.09071792821482211,1.0000479757249257,0.004797572492565294
311,10,0.09072030014687739,0.09071792821482211,1.0000261462326352,0.0026146232635193556
312,10,0.09071846874571322,0.09071792821482211,1.0000059583689989,0.0005958368998859598
313,10,0.09071849147460867,0.09071792821482211,1.0000062089136916,0.0006208913691629903
314,10,0.09071826950636397,0.09071792821482211,1.000003762117903,0.00037621179029834195
315,10,0.09071812825670685,0.09071792821482211,1.0000022050975885,0.00022050975885257174
316,10,0.09071914221934017,0.09071792821482211,1.0000133821896284,0.0013382189628430297
317,10,0.09071901314724226,0.09071792821482211,1.000011959404734,0.001195940473408541
318,10,0.0907226893329923,0.09071792821482211,1.0000524826598653,0.005248265986534939
319,10,0.09071996341012516,0.09071792821482211,1.0000224343229955,0.0022434322995534828
320,10,0.09072166604087993,0.09071792821482211,1.000041202727304,0.004120272730401275
321,10,0.09071927410145832,0.09071792821482211,1.00001483594988,0.00148359498799433
322,10,0.09071833531318109,0.09071792821482211,1.0000044875182557,0.0004487518255658074
323,10,0.09071813480091652,0.09071792821482211,1.0000022772355859,0.00022772355858791116
324,10,0.09071888868037724,0.09071792821482211,1.000010587384148,0.0010587384148053047
325,10,0.09072974213114045,0.09071792821482211,1.0001302269193182,0.01302269193181882
326,10,0.0907276675305478,0.09071792821482211,1.000107358224745,0.010735822474505774
327,10,0.09071973443355284,0.09071792821482211,1.0000199102731542,0.0019910273154177816
328,10,0.09071926823208117,0.09071792821482211,1.0000147712506824,0.001477125068238827
329,10,0.09072188052877739,0.09071792821482211,1.0000435670658827,0.004356706588271031
330,10,0.09072797272283892,0.09071792821482211,1.00011072241413,0.011072241412990458
331,10,0.09071810201384392,0.09071792821482211,1.0000019158178017,0.0001915817801734221
332,10,0.09072901596159923,0.09071792821482211,1.0001222222221704,0.012222222217039835
333,10,0.09072598234615545,0.09071792821482211,1.0000887821348199,0.008878213481988695
334,10,0.09072256184823606,0.09071792821482211,1.000051077372523,0.005107737252307842
335,10,0.09071973707947571,0.09071792821482211,1.0000199394396367,0.0019939439636740275
336,10,0.0907207493262263,0.09071792821482211,1.0000310976171933,0.003109761719333193
337,10,0.090730607125689,0.09071792821482211,1.0001397619094308,0.013976190943076894
338,10,0.0907217697338141,0.09071792821482211,1.0000423457531227,0.004234575312267452
339,10,0.09072160296299643,0.09071792821482211,1.0000405074084764,0.004050740847638679
340,10,0.09071872072176895,0.09071792821482211,1.0000087359462726,0.0008735946272597772
341,10,0.09071840804348857,0.09071792821482211,1.0000052892374849,0.0005289237484884524
342,10,0.09072250708937207,0.09071792821482211,1.00005047375574,0.005047375574007695
343,10,0.09071876955188893,0.09071792821482211,1.0000092742094466,0.0009274209446630266
344,10,0.0907187343094483,0.09071792821482211,1.0000088857257,0.0008885725699903091
345,10,0.09071882317217131,0.09071792821482211,1.0000098652754401,0.0009865275440112953
346,10,0.09071948399323111,0.09071792821482211,1.0000171496245518,0.0017149624551793252
347,10,0.09071817631220451,0.09071792821482211,1.0000027348219618,0.00027348219617806535
348,10,0.09071965503647951,0.09071792821482211,1.0000190350649687,0.0019035064968697668
349,10,0.09071929001477057,0.09071792821482211,1.0000150113651762,0.0015011365176231806
350,10,0.09071899028962893,0.09071792821482211,1.000011707441161,0.0011707441160968557
351,10,0.09071802870006997,0.09071792821482211,1.0000011076669169,0.00011076669168552655
352,10,0.09071859295899042,0.09071792821482211,1.0000073275942407,0.0007327594240713609
353,10,0.09071881169925619,0.09071792821482211,1.0000097388074383,0.0009738807438264274
354,10,0.09071836602939078,0.09071792821482211,1.0000048261085464,0.0004826108546351904
355,10,0.09071810548405401,0.09071792821482211,1.0000019540705503,0.00019540705502585354
356,10,0.09071884223368036,0.09071792821482211,1.0000100753938745,0.001007539387454237
357,10,0.0907181790899516,0.09071792821482211,1.0000027654415662,0.0002765441566188187
358,10,0.09071812243250539,0.09071792821482211,1.0000021408963709,0.00021408963708502426
359,10,0.09071879614047976,0.09071792821482211,1.000009567300254,0.0009567300254031963
360,10,0.09071895633173466,0.09071792821482211,1.0000113331171994,0.0011333117199363585
361,10,0.09072090894715694,0.09071792821482211,1.000032857147352,0.0032857147352016725
362,10,0.09071881368753705,0.09071792821482211,1.000009760724615,0.0009760724615004435
363,10,0.09071940713353799,0.09071792821482211,1.0000163023863637,0.0016302386363742372
364,10,0.09072032309740947,0.09071792821482211,1.0000263992204683,0.002639922046832055
365,10,0.09072450148791347,0.09071792821482211,1.000072458368712,0.007245836871194733
366,10,0.09072136079908415,0.09071792821482211,1.0000378379922203,0.003783799222034645
367,10,0.09071866568659488,0.09071792821482211,1.000008129283674,0.0008129283673996568
368,10,0.09071881554240334,0.09071792821482211,1.0000097811711388,0.0009781171138811828
369,10,0.09071881641260063,0.09071792821482211,1.0000097907634797,0.00097907634797334
370,10,0.0907185749739106,0.09071792821482211,1.0000071293414787,0.000712934147872879
371,10,0.09071932643026094,0.09071792821482211,1.0000154127796606,0.0015412779660550768
372,10,0.09072070376869275,0.09071792821482211,1.0000305954283266,0.0030595428326618546
373,10,0.09072470599698848,0.09071792821482211,1.0000747127089402,0.007471270894021664
374,10,0.0907194395005548,0.09071792821482211,1.0000166591737978,0.0016659173797783922
375,10,0.09073304667558138,0.09071792821482211,1.0001666535056166,0.016665350561662073
376,10,0.09071979972805475,0.09071792821482211,1.0000206300261643,0.0020630026164258908
377,10,0.09071921370023597,0.09071792821482211,1.0000141701363685,0.0014170136368507613
378,10,0.09071813469095726,0.09071792821482211,1.0000022760234852,0.0002276023485237033
379,10,0.09072021539590062,0.09071792821482211,1.0000252120074116,0.002521200741156804
380,10,0.09071882559493737,0.09071792821482211,1.000009891982025,0.0009891982025056478
381,10,0.0907195742833749,0.09071792821482211,1.0000181449090073,0.0018144909007311583
382,10,0.09071808454495085,0.09071792821482211,1.000001723255059,0.00017232550590939866
383,10,0.09072818430568806,0.09071792821482211,1.0001130547298398,0.011305472983980103
384,10,0.09071829107979666,0.09071792821482211,1.0000039999257224,0.0003999925722419917
385,10,0.09071981128990142,0.09071792821482211,1.0000207574744746,0.002075747447460863
386,10,0.0907186483665487,0.09071792821482211,1.000007938361697,0.0007938361697101826
387,10,0.09071814799647948,0.09071792821482211,1.000002422692644,0.00024226926440551466
388,10,0.09071973684453909,0.09071792821482211,1.000019936849888,0.0019936849888102515
389,10,0.09071932792214209,0.09071792821482211,1.0000154292249341,0.001542922493413812
390,10,0.09072225375002,0.09071792821482211,1.000047681150606,0.004768115060604927
391,10,0.09071936348814152,0.09071792821482211,1.0000158212753274,0.0015821275327398965
392,10,0.09071845322321075,0.09071792821482211,1.0000057872616688,0.0005787261668777077
393,10,0.0907198888917071,0.09071792821482211,1.0000216128931025,0.0021612893102540554
394,10,0.0907182517376569,0.09071792821482211,1.0000035662502567,0.00035662502566591314
395,10,0.09072572776700445,0.09071792821482211,1.00008597586316,0.008597586315994832
396,10,0.0907202233068789,0.09071792821482211,1.0000252992115446,0.0025299211544593803
397,10,0.0907219304541121,0.09071792821482211,1.0000441174018053,0.004411740180532142
398,10,0.09071971369159339,0.09071792821482211,1.0000196816308133,0.0019681630813339623
399,10,0.09071803359000834,0.09071792821482211,1.000001161569585,0.00011615695849620522
400,10,0.09071876308338846,0.09071792821482211,1.0000092029060053,0.000920290600525675
401,10,0.0907210424021101,0.09071792821482211,1.0000343282452462,0.0034328245246184608
402,10,0.09071849519306549,0.09071792821482211,1.0000062499029083,0.0006249902908317395
403,10,0.09072199700492523,0.09071792821482211,1.0000448510033593,0.0044851003359269725
404,10,0.09071815185759316,0.09071792821482211,1.000002465254393,0.0002465254393069216
405,10,0.09071823126004311,0.09071792821482211,1.0000033405218458,0.0003340521845807132
406,10,0.09072371706340754,0.09071792821482211,1.0000638115166356,0.006381151663559237
407,10,0.09071925736598312,0.09071792821482211,1.000014651471734,0.0014651471734072885
408,10,0.09071990533869044,0.09071792821482211,1.000021794191151,0.0021794191150892317
409,10,0.09071808192293282,0.09071792821482211,1.0000016943520837,0.00016943520837475745
410,10,0.0907180499788288,0.09071792821482211,1.0000013422264937,0.00013422264937279493
411,10,0.09071991256723408,0.09071792821482211,1.0000218738726845,0.0021873872684485818
412,10,0.09072010597186993,0.09071792821482211,1.0000240058066876,0.002400580668759922
413,10,0.09071826062864936,0.09071792821482211,1.000003664257262,0.0003664257262059323
414,10,0.09072038093806967,0.09071792821482211,1.0000270368084438,0.0027036808443847704
415,10,0.09071840584160915,0.09071792821482211,1.000005264965773,0.0005264965772910912
416,10,0.09072193545457564,0.09071792821482211,1.0000441725228122,0.004417252281219142
417,10,0.09071851749824004,0.09071792821482211,1.0000064957768495,0.0006495776849524404
418,10,0.09072045181113197,0.09071792821482211,1.0000278180549262,0.0027818054926243008
419,10,0.09071871535196367,0.09071792821482211,1.0000086767539456,0.0008676753945557891
420,10,0.09071870223984585,0.09071792821482211,1.000008532216718,0.0008532216718037944
421,10,0.09071904289211433,0.09071792821482211,1.000012287287796,0.0012287287795897939
422,10,0.09072754316601818,0.09071792821482211,1.0001059873322207,0.010598733222066947
423,10,0.09071811626251014,0.09071792821482211,1.000002072883406,0.00020728834060346202
424,10,0.09071882678848618,0.09071792821482211,1.000009905138728,0.000990513872789478
425,10,0.09071883994264317,0.09071792821482211,1.0000100501393605,0.0010050139360506805
426,10,0.0907186103566504,0.09071792821482211,1.0000075193717681,0.000751937176812767
427,10,0.09071908371435673,0.09071792821482211,1.0000127372786984,0.0012737278698438104
428,10,0.09071996333457563,0.09071792821482211,1.0000224334901995,0.002243349019948049
429,10,0.09071803256584332,0.09071792821482211,1.0000011502800303,0.00011502800303375693
430,10,0.09071992393617202,0.09071792821482211,1.0000219991945274,0.0021999194527388966
431,10,0.09071907761974975,0.09071792821482211,1.0000126700967522,0.0012670096752209759
432,10,0.09071879641657347,0.09071792821482211,1.0000095703436847,0.0009570343684650595
433,10,0.09071941266599622,0.09071792821482211,1.0000163633716435,0.001636337164345747
434,10,0.09072049212168264,0.09071792821482211,1.000028262405359,0.002826240535891422
435,10,0.09072106728390256,0.09071792821482211,1.000034602521709,0.003460252170905953
436,10,0.09071834807668455,0.09071792821482211,1.0000046282126445,0.00046282126444641136
437,10,0.0907192235196788,0.09071792821482211,1.0000142783778485,0.0014278377848508939
438,10,0.09073529385894735,0.09071792821482211,1.0001914246110661,0.019142461106613773
439,10,0.09071921287184406,0.09071792821482211,1.0000141610048559,0.0014161004855850479
440,10,0.09071867924362609,0.09071792821482211,1.0000082787252615,0.0008278725261545716
441,10,0.09071823232921712,0.09071792821482211,1.0000033523075427,0.0003352307542670019
442,10,0.09072889565933687,0.09071792821482211,1.0001208961087469,0.012089610874688184
443,10,0.0907185823727065,0.09071792821482211,1.0000072108997335,0.0007210899733545162
444,10,0.09072127402959233,0.09071792821482211,1.0000368815165432,0.0036881516543241233
445,10,0.09071932093523558,0.09071792821482211,1.0000153522070099,0.0015352207009877716
446,10,0.09071816737403715,0.09071792821482211,1.0000026362949392,0.00026362949392400026
447,10,0.09071835183905096,0.09071792821482211,1.0000046696858844,0.0004669685884417518
448,10,0.09071803456935675,0.09071792821482211,1.0000011723651183,0.00011723651183181971
449,10,0.0907206724844931,0.09071792821482211,1.0000302505769807,0.0030250576980694888
450,10,0.09071931417282517,0.09071792821482211,1.0000152776637465,0.001527766374653794
451,10,0.09071883486022796,0.09071792821482211,1.0000099941149858,0.000999411498581182
452,10,0.09072130921076495,0.09071792821482211,1.0000372693249215,0.003726932492154056
453,10,0.09071974706827662,0.09071792821482211,1.0000200495479814,0.002004954798140446
454,10,0.09071829967622567,0.09071792821482211,1.0000040946857018,0.0004094685701838685
455,10,0.09071915188299262,0.09071792821482211,1.0000134887138032,0.0013488713803244679
456,10,0.09071868854372404,0.09071792821482211,1.0000083812419098,0.0008381241909827253
457,10,0.09071810254469853,0.09071792821482211,1.0000019216695073,0.00019216695072987733
458,10,0.09071820893559808,0.09071792821482211,1.0000030944354825,0.0003094435482520197
459,10,0.09071976837210088,0.09071792821482211,1.0000202843838588,0.0020284383858815147
460,10,0.09071899173385226,0.09071792821482211,1.000011723361094,0.0011723361093896045
461,10,0.0907183081333324,0.09071792821482211,1.0000041879099066,0.0004187909906638865
462,10,0.09071869317176524,0.09071792821482211,1.0000084322576386,0.0008432257638579799
463,10,0.09071881919284465,0.09071792821482211,1.0000098214106083,0.000982141060834607
464,10,0.09071957255469384,0.09071792821482211,1.000018125853446,0.0018125853445960516
465,10,0.09072572021985098,0.09071792821482211,1.000085892669533,0.008589266953307195
466,10,0.09072006193775449,0.09071792821482211,1.0000235204107322,0.0023520410732169594
467,10,0.09072131343679612,0.09071792821482211,1.0000373159092213,0.0037315909221291577
468,10,0.09071811991873856,0.09071792821482211,1.0000021131866679,0.00021131866678736344
469,10,0.09071844176325115,0.09071792821482211,1.000005660936478,0.0005660936478024681
470,10,0.09071841647087527,0.09071792821482211,1.0000053821340804,0.000538213408041166
471,10,0.09071851043446681,0.09071792821482211,1.0000064179116097,0.0006417911609712945
472,10,0.09072226717757785,0.09071792821482211,1.0000478291649857,0.004782916498569101
473,10,0.0907186253268258,0.09071792821482211,1.0000076843906978,0.0007684390697759724
474,10,0.09071912250611297,0.09071792821482211,1.000013164887188,0.0013164887187944174
475,10,0.0907182713450398,0.09071792821482211,1.0000037823859567,0.0003782385956663248
476,10,0.09071883838860324,0.09071792821482211,1.0000100330088997,0.0010033008899679174
477,10,0.09071844568540162,0.09071792821482211,1.0000057041710464,0.0005704171046394535
478,10,0.09071908011084007,0.09071792821482211,1.0000126975564878,0.0012697556487806239
479,10,0.09072290766757231,0.09071792821482211,1.000054889401116,0.00548894011160872
480,10,0.0907193002216666,0.09071792821482211,1.0000151238776227,0.0015123877622702508
481,10,0.09072183297896264,0.09071792821482211,1.000043042915743,0.004304291574297459
482,10,0.09071847406101252,0.09071792821482211,1.0000060169604967,0.000601696049673528
483,10,0.09071865727325688,0.09071792821482211,1.0000080365419397,0.0008036541939704378
484,10,0.09072248036944001,0.09071792821482211,1.0000501792171348,0.0050179217134793674
485,10,0.09071826122960443,0.09071792821482211,1.0000036708816975,0.0003670881697503958
486,10,0.09072007610206585,0.09071792821482211,1.0000236765464778,0.002367654647783546
487,10,0.09071861180170733,0.09071792821482211,1.0000075353008901,0.0007535300890149088
488,10,0.09071807057131366,0.09071792821482211,1.000001569221149,0.00015692211490225816
489,10,0.09071852826715761,0.09071792821482211,1.00000661448456,0.0006614484560074629
490,10,0.09071812117656326,0.09071792821482211,1.0000021270518953,0.0002127051895284282
491,10,0.09072031477658259,0.09071792821482211,1.0000263074985005,0.002630749850052183
492,10,0.09071803459023395,0.09071792821482211,1.0000011725952513,0.00011725952513419458
493,10,0.09071850672659616,0.09071792821482211,1.0000063770390863,0.0006377039086347125
494,10,0.09071883374932094,0.09071792821482211,1.0000099818692583,0.0009981869258268716
495,10,0.09071883113503908,0.09071792821482211,1.0000099530515603,0.0009953051560263049
496,10,0.09071918105565979,0.09071792821482211,1.0000138102893479,0.0013810289347881977
497,10,0.0907198619849596,0.09071792821482211,1.000021316295197,0.0021316295196971424
498,10,0.090718881506871,0.09071792821482211,1.0000105083093018,0.0010508309301826557
499,10,0.09071861436240161,0.09071792821482211,1.0000075635278827,0.0007563527882670229
0,15,0.09071792821482212,0.09071792821482211,1.0000000000000002,2.220446049250313e-14
1,15,0.09071792821482212,0.09071792821482211,1.0000000000000002,2.220446049250313e-14
2,15,0.09071792821482212,0.09071792821482211,1.0000000000000002,2.220446049250313e-14
3,15,0.09071792821482212,0.09071792821482211,1.0000000000000002,2.220446049250313e-14
4,15,0.09071792821482212,0.09071792821482211,1.0000000000000002,2.220446049250313e-14
5,15,0.09071792821482211,0.09071792821482211,1.0,0.0
6,15,0.09071792821482212,0.09071792821482211,1.0000000000000002,2.220446049250313e-14
7,15,0.09071792821482211,0.09071792821482211,1.0,0.0
8,15,0.09071792821482212,0.09071792821482211,1.0000000000000002,2.220446049250313e-14
9,15,0.09071792821482212,0.09071792821482211,1.0000000000000002,2.220446049250313e-14
10,15,0.09071792821482212,0.09071792821482211,1.0000000000000002,2.220446049250313e-14
11,15,0.09071792821482211,0.09071792821482211,1.0,0.0
12,15,0.09071792821482212,0.09071792821482211,1.0000000000000002,2.220446049250313e-14
13,15,0.09071792821482212,0.09071792821482211,1.0000000000000002,2.220446049250313e-14
14,15,0.09071792821482211,0.09071792821482211,1.0,0.0
15,15,0.09071792821482212,0.09071792821482211,1.0000000000000002,2.220446049250313e-14
16,15,0.09071792821482211,0.09071792821482211,1.0,0.0
17,15,0.09071792821482212,0.09071792821482211,1.0000000000000002,2.220446049250313e-14
18,15,0.09071792821482212,0.09071792821482211,1.0000000000000002,2.220446049250313e-14
19,15,0.09071792821482212,0.09071792821482211,1.0000000000000002,2.220446049250313e-14
20,15,0.09071792821482212,0.09071792821482211,1.0000000000000002,2.220446049250313e-14
21,15,0.09071792821482212,0.09071792821482211,1.0000000000000002,2.220446049250313e-14
22,15,0.09071792821482212,0.09071792821482211,1.0000000000000002,2.220446049250313e-14
23,15,0.09071792821482212,0.09071792821482211,1.0000000000000002,2.220446049250313e-14
24,15,0.09071792821482212,0.09071792821482211,1.0000000000000002,2.220446049250313e-14
25,15,0.09071792821482212,0.09071792821482211,1.0000000000000002,2.220446049250313e-14
26,15,0.09071792821482212,0.09071792821482211,1.0000000000000002,2.220446049250313e-14
27,15,0.09071792821482212,0.09071792821482211,1.0000000000000002,2.220446049250313e-14
28,15,0.09071792821482212,0.09071792821482211,1.0000000000000002,2.220446049250313e-14
29,15,0.09071792821482212,0.09071792821482211,1.0000000000000002,2.220446049250313e-14
30,15,0.09071792821482212,0.09071792821482211,1.0000000000000002,2.220446049250313e-14
31,15,0.09071792821482212,0.09071792821482211,1.0000000000000002,2.220446049250313e-14
32,15,0.09071792821482212,0.09071792821482211,1.0000000000000002,2.220446049250313e-14
33,15,0.09071792821482212,0.09071792821482211,1.0000000000000002,2.220446049250313e-14
34,15,0.09071792821482212,0.09071792821482211,1.0000000000000002,2.220446049250313e-14
35,15,0.09071792821482212,0.09071792821482211,1.0000000000000002,2.220446049250313e-14
36,15,0.09071792821482212,0.09071792821482211,1.0000000000000002,2.220446049250313e-14
37,15,0.09071792821482211,0.09071792821482211,1.0,0.0
38,15,0.09071792821482212,0.09071792821482211,1.0000000000000002,2.220446049250313e-14
39,15,0.09071792821482212,0.09071792821482211,1.0000000000000002,2.220446049250313e-14
40,15,0.09071792821482211,0.09071792821482211,1.0,0.0
41,15,0.09071792821482211,0.09071792821482211,1.0,0.0
42,15,0.09071792821482212,0.09071792821482211,1.0000000000000002,2.220446049250313e-14
43,15,0.09071792821482212,0.09071792821482211,1.0000000000000002,2.220446049250313e-14
44,15,0.09071792821482212,0.09071792821482211,1.0000000000000002,2.220446049250313e-14
45,15,0.09071792821482212,0.09071792821482211,1.0000000000000002,2.220446049250313e-14
46,15,0.09071792821482212,0.09071792821482211,1.0000000000000002,2.220446049250313e-14
47,15,0.09071792821482212,0.09071792821482211,1.0000000000000002,2.220446049250313e-14
48,15,0.09071792821482212,0.09071792821482211,1.0000000000000002,2.220446049250313e-14
49,15,0.09071792821482211,0.09071792821482211,1.0,0.0
50,15,0.09071792821482211,0.09071792821482211,1.0,0.0
51,15,0.09071792821482212,0.09071792821482211,1.0000000000000002,2.220446049250313e-14
52,15,0.09071792821482212,0.09071792821482211,1.0000000000000002,2.220446049250313e-14
53,15,0.09071792821482212,0.09071792821482211,1.0000000000000002,2.220446049250313e-14
54,15,0.09071792821482211,0.09071792821482211,1.0,0.0
55,15,0.09071792821482212,0.09071792821482211,1.0000000000000002,2.220446049250313e-14
56,15,0.09071792821482211,0.09071792821482211,1.0,0.0
57,15,0.09071792821482212,0.09071792821482211,1.0000000000000002,2.220446049250313e-14
58,15,0.09071792821482212,0.09071792821482211,1.0000000000000002,2.220446049250313e-14
59,15,0.09071792821482212,0.09071792821482211,1.0000000000000002,2.220446049250313e-14
60,15,0.09071792821482211,0.09071792821482211,1.0,0.0
61,15,0.09071792821482212,0.09071792821482211,1.0000000000000002,2.220446049250313e-14
62,15,0.09071792821482212,0.09071792821482211,1.0000000000000002,2.220446049250313e-14
63,15,0.09071792821482212,0.09071792821482211,1.0000000000000002,2.220446049250313e-14
64,15,0.09071792821482212,0.09071792821482211,1.0000000000000002,2.220446049250313e-14
65,15,0.09071792821482211,0.09071792821482211,1.0,0.0
66,15,0.09071792821482212,0.09071792821482211,1.0000000000000002,2.220446049250313e-14
67,15,0.09071792821482212,0.09071792821482211,1.0000000000000002,2.220446049250313e-14
68,15,0.09071792821482212,0.09071792821482211,1.0000000000000002,2.220446049250313e-14
69,15,0.09071792821482212,0.09071792821482211,1.0000000000000002,2.220446049250313e-14
70,15,0.09071792821482212,0.09071792821482211,1.0000000000000002,2.220446049250313e-14
71,15,0.09071792821482212,0.09071792821482211,1.0000000000000002,2.220446049250313e-14
72,15,0.09071792821482212,0.09071792821482211,1.0000000000000002,2.220446049250313e-14
73,15,0.09071792821482212,0.09071792821482211,1.0000000000000002,2.220446049250313e-14
74,15,0.09071792821482212,0.09071792821482211,1.0000000000000002,2.220446049250313e-14
75,15,0.09071792821482212,0.09071792821482211,1.0000000000000002,2.220446049250313e-14
76,15,0.09071792821482212,0.09071792821482211,1.0000000000000002,2.220446049250313e-14
77,15,0.09071792821482212,0.09071792821482211,1.0000000000000002,2.220446049250313e-14
78,15,0.09071792821482211,0.09071792821482211,1.0,0.0
79,15,0.09071792821482212,0.09071792821482211,1.0000000000000002,2.220446049250313e-14
80,15,0.09071792821482211,0.09071792821482211,1.0,0.0
81,15,0.09071792821482212,0.09071792821482211,1.0000000000000002,2.220446049250313e-14
82,15,0.09071792821482212,0.09071792821482211,1.0000000000000002,2.220446049250313e-14
83,15,0.09071792821482212,0.09071792821482211,1.0000000000000002,2.220446049250313e-14
84,15,0.09071792821482212,0.09071792821482211,1.0000000000000002,2.220446049250313e-14
85,15,0.09071792821482212,0.09071792821482211,1.0000000000000002,2.220446049250313e-14
86,15,0.09071792821482212,0.09071792821482211,1.0000000000000002,2.220446049250313e-14
87,15,0.09071792821482212,0.09071792821482211,1.0000000000000002,2.220446049250313e-14
88,15,0.09071792821482211,0.09071792821482211,1.0,0.0
89,15,0.09071792821482212,0.09071792821482211,1.0000000000000002,2.220446049250313e-14
90,15,0.09071792821482212,0.09071792821482211,1.0000000000000002,2.220446049250313e-14
91,15,0.09071792821482212,0.09071792821482211,1.0000000000000002,2.220446049250313e-14
92,15,0.09071792821482212,0.09071792821482211,1.0000000000000002,2.220446049250313e-14
93,15,0.09071792821482212,0.09071792821482211,1.0000000000000002,2.220446049250313e-14
94,15,0.09071792821482212,0.09071792821482211,1.0000000000000002,2.220446049250313e-14
95,15,0.09071792821482212,0.09071792821482211,1.0000000000000002,2.220446049250313e-14
96,15,0.09071792821482212,0.09071792821482211,1.0000000000000002,2.220446049250313e-14
97,15,0.09071792821482212,0.09071792821482211,1.0000000000000002,2.220446049250313e-14
98,15,0.09071792821482212,0.09071792821482211,1.0000000000000002,2.220446049250313e-14
99,15,0.09071792821482211,0.09071792821482211,1.0,0.0
100,15,0.09071792821482212,0.09071792821482211,1.0000000000000002,2.220446049250313e-14
101,15,0.09071792821482212,0.09071792821482211,1.0000000000000002,2.220446049250313e-14
102,15,0.09071792821482212,0.09071792821482211,1.0000000000000002,2.220446049250313e-14
103,15,0.09071792821482212,0.09071792821482211,1.0000000000000002,2.220446049250313e-14
104,15,0.09071792821482211,0.09071792821482211,1.0,0.0
105,15,0.09071792821482212,0.09071792821482211,1.0000000000000002,2.220446049250313e-14
106,15,0.09071792821482212,0.09071792821482211,1.0000000000000002,2.220446049250313e-14
107,15,0.09071792821482212,0.09071792821482211,1.0000000000000002,2.220446049250313e-14
108,15,0.09071792821482212,0.09071792821482211,1.0000000000000002,2.220446049250313e-14
109,15,0.09071792821482211,0.09071792821482211,1.0,0.0
110,15,0.09071792821482212,0.09071792821482211,1.0000000000000002,2.220446049250313e-14
111,15,0.09071792821482212,0.09071792821482211,1.0000000000000002,2.220446049250313e-14
112,15,0.09071792821482212,0.09071792821482211,1.0000000000000002,2.220446049250313e-14
113,15,0.09071792821482211,0.09071792821482211,1.0,0.0
114,15,0.09071792821482212,0.09071792821482211,1.0000000000000002,2.220446049250313e-14
115,15,0.09071792821482212,0.09071792821482211,1.0000000000000002,2.220446049250313e-14
116,15,0.09071792821482212,0.09071792821482211,1.0000000000000002,2.220446049250313e-14
117,15,0.09071792821482211,0.09071792821482211,1.0,0.0
118,15,0.09071792821482211,0.09071792821482211,1.0,0.0
119,15,0.09071792821482212,0.09071792821482211,1.0000000000000002,2.220446049250313e-14
120,15,0.09071792821482211,0.09071792821482211,1.0,0.0
121,15,0.09071792821482212,0.09071792821482211,1.0000000000000002,2.220446049250313e-14
122,15,0.09071792821482212,0.09071792821482211,1.0000000000000002,2.220446049250313e-14
123,15,0.09071792821482212,0.09071792821482211,1.0000000000000002,2.220446049250313e-14
124,15,0.09071792821482212,0.09071792821482211,1.0000000000000002,2.220446049250313e-14
125,15,0.09071792821482212,0.09071792821482211,1.0000000000000002,2.220446049250313e-14
126,15,0.09071792821482212,0.09071792821482211,1.0000000000000002,2.220446049250313e-14
127,15,0.09071792821482212,0.09071792821482211,1.0000000000000002,2.220446049250313e-14
128,15,0.09071792821482212,0.09071792821482211,1.0000000000000002,2.220446049250313e-14
129,15,0.09071792821482212,0.09071792821482211,1.0000000000000002,2.220446049250313e-14
130,15,0.09071792821482211,0.09071792821482211,1.0,0.0
131,15,0.09071792821482212,0.09071792821482211,1.0000000000000002,2.220446049250313e-14
132,15,0.09071792821482212,0.09071792821482211,1.0000000000000002,2.220446049250313e-14
133,15,0.09071792821482212,0.09071792821482211,1.0000000000000002,2.220446049250313e-14
134,15,0.09071792821482212,0.09071792821482211,1.0000000000000002,2.220446049250313e-14
135,15,0.09071792821482212,0.09071792821482211,1.0000000000000002,2.220446049250313e-14
136,15,0.09071792821482211,0.09071792821482211,1.0,0.0
137,15,0.09071792821482212,0.09071792821482211,1.0000000000000002,2.220446049250313e-14
138,15,0.09071792821482211,0.09071792821482211,1.0,0.0
139,15,0.09071792821482212,0.09071792821482211,1.0000000000000002,2.220446049250313e-14
140,15,0.09071792821482212,0.09071792821482211,1.0000000000000002,2.220446049250313e-14
141,15,0.09071792821482212,0.09071792821482211,1.0000000000000002,2.220446049250313e-14
142,15,0.09071792821482212,0.09071792821482211,1.0000000000000002,2.220446049250313e-14
143,15,0.09071792821482212,0.09071792821482211,1.0000000000000002,2.220446049250313e-14
144,15,0.09071792821482212,0.09071792821482211,1.0000000000000002,2.220446049250313e-14
145,15,0.09071792821482212,0.09071792821482211,1.0000000000000002,2.220446049250313e-14
146,15,0.09071792821482211,0.09071792821482211,1.0,0.0
147,15,0.09071792821482211,0.09071792821482211,1.0,0.0
148,15,0.09071792821482212,0.09071792821482211,1.0000000000000002,2.220446049250313e-14
149,15,0.09071792821482212,0.09071792821482211,1.0000000000000002,2.220446049250313e-14
150,15,0.09071792821482212,0.09071792821482211,1.0000000000000002,2.220446049250313e-14
151,15,0.09071792821482211,0.09071792821482211,1.0,0.0
152,15,0.09071792821482212,0.09071792821482211,1.0000000000000002,2.220446049250313e-14
153,15,0.09071792821482212,0.09071792821482211,1.0000000000000002,2.220446049250313e-14
154,15,0.09071792821482211,0.09071792821482211,1.0,0.0
155,15,0.09071792821482212,0.09071792821482211,1.0000000000000002,2.220446049250313e-14
156,15,0.09071792821482212,0.09071792821482211,1.0000000000000002,2.220446049250313e-14
157,15,0.09071792821482212,0.09071792821482211,1.0000000000000002,2.220446049250313e-14
158,15,0.09071792821482212,0.09071792821482211,1.0000000000000002,2.220446049250313e-14
159,15,0.09071792821482212,0.09071792821482211,1.0000000000000002,2.220446049250313e-14
160,15,0.09071792821482212,0.09071792821482211,1.0000000000000002,2.220446049250313e-14
161,15,0.09071792821482212,0.09071792821482211,1.0000000000000002,2.220446049250313e-14
162,15,0.09071792821482212,0.09071792821482211,1.0000000000000002,2.220446049250313e-14
163,15,0.09071792821482212,0.09071792821482211,1.0000000000000002,2.220446049250313e-14
164,15,0.09071792821482211,0.09071792821482211,1.0,0.0
165,15,0.09071792821482212,0.09071792821482211,1.0000000000000002,2.220446049250313e-14
166,15,0.09071792821482211,0.09071792821482211,1.0,0.0
167,15,0.09071792821482212,0.09071792821482211,1.0000000000000002,2.220446049250313e-14
168,15,0.09071792821482212,0.09071792821482211,1.0000000000000002,2.220446049250313e-14
169,15,0.09071792821482212,0.09071792821482211,1.0000000000000002,2.220446049250313e-14
170,15,0.09071792821482211,0.09071792821482211,1.0,0.0
171,15,0.09071792821482212,0.09071792821482211,1.0000000000000002,2.220446049250313e-14
172,15,0.09071792821482212,0.09071792821482211,1.0000000000000002,2.220446049250313e-14
173,15,0.09071792821482212,0.09071792821482211,1.0000000000000002,2.220446049250313e-14
174,15,0.09071792821482212,0.09071792821482211,1.0000000000000002,2.220446049250313e-14
175,15,0.09071792821482212,0.09071792821482211,1.0000000000000002,2.220446049250313e-14
176,15,0.09071792821482212,0.09071792821482211,1.0000000000000002,2.220446049250313e-14
177,15,0.09071792821482212,0.09071792821482211,1.0000000000000002,2.220446049250313e-14
178,15,0.09071792821482212,0.09071792821482211,1.0000000000000002,2.220446049250313e-14
179,15,0.09071792821482212,0.09071792821482211,1.0000000000000002,2.220446049250313e-14
180,15,0.09071792821482211,0.09071792821482211,1.0,0.0
181,15,0.09071792821482212,0.09071792821482211,1.0000000000000002,2.220446049250313e-14
182,15,0.09071792821482212,0.09071792821482211,1.0000000000000002,2.220446049250313e-14
183,15,0.09071792821482212,0.09071792821482211,1.0000000000000002,2.220446049250313e-14
184,15,0.09071792821482212,0.09071792821482211,1.0000000000000002,2.220446049250313e-14
185,15,0.09071792821482212,0.09071792821482211,1.0000000000000002,2.220446049250313e-14
186,15,0.09071792821482212,0.09071792821482211,1.0000000000000002,2.220446049250313e-14
187,15,0.09071792821482212,0.09071792821482211,1.0000000000000002,2.220446049250313e-14
188,15,0.09071792821482211,0.09071792821482211,1.0,0.0
189,15,0.09071792821482212,0.09071792821482211,1.0000000000000002,2.220446049250313e-14
190,15,0.09071792821482212,0.09071792821482211,1.0000000000000002,2.220446049250313e-14
191,15,0.09071792821482212,0.09071792821482211,1.0000000000000002,2.220446049250313e-14
192,15,0.09071792821482212,0.09071792821482211,1.0000000000000002,2.220446049250313e-14
193,15,0.09071792821482211,0.09071792821482211,1.0,0.0
194,15,0.09071792821482212,0.09071792821482211,1.0000000000000002,2.220446049250313e-14
195,15,0.09071792821482212,0.09071792821482211,1.0000000000000002,2.220446049250313e-14
196,15,0.09071792821482212,0.09071792821482211,1.0000000000000002,2.220446049250313e-14
197,15,0.09071792821482211,0.09071792821482211,1.0,0.0
198,15,0.09071792821482211,0.09071792821482211,1.0,0.0
199,15,0.09071792821482212,0.09071792821482211,1.0000000000000002,2.220446049250313e-14
200,15,0.09071792821482212,0.09071792821482211,1.0000000000000002,2.220446049250313e-14
201,15,0.09071792821482212,0.09071792821482211,1.0000000000000002,2.220446049250313e-14
202,15,0.09071792821482212,0.09071792821482211,1.0000000000000002,2.220446049250313e-14
203,15,0.09071792821482212,0.09071792821482211,1.0000000000000002,2.220446049250313e-14
204,15,0.09071792821482212,0.09071792821482211,1.0000000000000002,2.220446049250313e-14
205,15,0.09071792821482212,0.09071792821482211,1.0000000000000002,2.220446049250313e-14
206,15,0.09071792821482212,0.09071792821482211,1.0000000000000002,2.220446049250313e-14
207,15,0.09071792821482212,0.09071792821482211,1.0000000000000002,2.220446049250313e-14
208,15,0.09071792821482212,0.09071792821482211,1.0000000000000002,2.220446049250313e-14
209,15,0.09071792821482211,0.09071792821482211,1.0,0.0
210,15,0.09071792821482212,0.09071792821482211,1.0000000000000002,2.220446049250313e-14
211,15,0.09071792821482212,0.09071792821482211,1.0000000000000002,2.220446049250313e-14
212,15,0.09071792821482212,0.09071792821482211,1.0000000000000002,2.220446049250313e-14
213,15,0.09071792821482212,0.09071792821482211,1.0000000000000002,2.220446049250313e-14
214,15,0.09071792821482212,0.09071792821482211,1.0000000000000002,2.220446049250313e-14
215,15,0.09071792821482212,0.09071792821482211,1.0000000000000002,2.220446049250313e-14
216,15,0.09071792821482212,0.09071792821482211,1.0000000000000002,2.220446049250313e-14
217,15,0.09071792821482212,0.09071792821482211,1.0000000000000002,2.220446049250313e-14
218,15,0.09071792821482212,0.09071792821482211,1.0000000000000002,2.220446049250313e-14
219,15,0.09071792821482212,0.09071792821482211,1.0000000000000002,2.220446049250313e-14
220,15,0.09071792821482212,0.09071792821482211,1.0000000000000002,2.220446049250313e-14
221,15,0.09071792821482212,0.09071792821482211,1.0000000000000002,2.220446049250313e-14
222,15,0.09071792821482211,0.09071792821482211,1.0,0.0
223,15,0.09071792821482212,0.09071792821482211,1.0000000000000002,2.220446049250313e-14
224,15,0.09071792821482211,0.09071792821482211,1.0,0.0
225,15,0.09071792821482212,0.09071792821482211,1.0000000000000002,2.220446049250313e-14
226,15,0.09071792821482212,0.09071792821482211,1.0000000000000002,2.220446049250313e-14
227,15,0.09071792821482212,0.09071792821482211,1.0000000000000002,2.220446049250313e-14
228,15,0.09071792821482212,0.09071792821482211,1.0000000000000002,2.220446049250313e-14
229,15,0.09071792821482212,0.09071792821482211,1.0000000000000002,2.220446049250313e-14
230,15,0.09071792821482212,0.09071792821482211,1.0000000000000002,2.220446049250313e-14
231,15,0.09071792821482212,0.09071792821482211,1.0000000000000002,2.220446049250313e-14
232,15,0.09071792821482212,0.09071792821482211,1.0000000000000002,2.220446049250313e-14
233,15,0.09071792821482212,0.09071792821482211,1.0000000000000002,2.220446049250313e-14
234,15,0.09071792821482212,0.09071792821482211,1.0000000000000002,2.220446049250313e-14
235,15,0.09071792821482212,0.09071792821482211,1.0000000000000002,2.220446049250313e-14
236,15,0.09071792821482212,0.09071792821482211,1.0000000000000002,2.220446049250313e-14
237,15,0.09071792821482212,0.09071792821482211,1.0000000000000002,2.220446049250313e-14
238,15,0.09071792821482212,0.09071792821482211,1.0000000000000002,2.220446049250313e-14
239,15,0.09071792821482212,0.09071792821482211,1.0000000000000002,2.220446049250313e-14
240,15,0.09071792821482212,0.09071792821482211,1.0000000000000002,2.220446049250313e-14
241,15,0.09071792821482211,0.09071792821482211,1.0,0.0
242,15,0.09071792821482212,0.09071792821482211,1.0000000000000002,2.220446049250313e-14
243,15,0.09071792821482212,0.09071792821482211,1.0000000000000002,2.220446049250313e-14
244,15,0.09071792821482212,0.09071792821482211,1.0000000000000002,2.220446049250313e-14
245,15,0.09071792821482212,0.09071792821482211,1.0000000000000002,2.220446049250313e-14
246,15,0.09071792821482211,0.09071792821482211,1.0,0.0
247,15,0.09071792821482212,0.09071792821482211,1.0000000000000002,2.220446049250313e-14
248,15,0.09071792821482212,0.09071792821482211,1.0000000000000002,2.220446049250313e-14
249,15,0.09071792821482212,0.09071792821482211,1.0000000000000002,2.220446049250313e-14
250,15,0.09071792821482212,0.09071792821482211,1.0000000000000002,2.220446049250313e-14
251,15,0.09071792821482212,0.09071792821482211,1.0000000000000002,2.220446049250313e-14
252,15,0.09071792821482212,0.09071792821482211,1.0000000000000002,2.220446049250313e-14
253,15,0.09071792821482212,0.09071792821482211,1.0000000000000002,2.220446049250313e-14
254,15,0.09071792821482211,0.09071792821482211,1.0,0.0
255,15,0.09071792821482212,0.09071792821482211,1.0000000000000002,2.220446049250313e-14
256,15,0.09071792821482212,0.09071792821482211,1.0000000000000002,2.220446049250313e-14
257,15,0.09071792821482212,0.09071792821482211,1.0000000000000002,2.220446049250313e-14
258,15,0.09071792821482212,0.09071792821482211,1.0000000000000002,2.220446049250313e-14
259,15,0.09071792821482212,0.09071792821482211,1.0000000000000002,2.220446049250313e-14
260,15,0.09071792821482212,0.09071792821482211,1.0000000000000002,2.220446049250313e-14
261,15,0.09071792821482212,0.09071792821482211,1.0000000000000002,2.220446049250313e-14
262,15,0.09071792821482212,0.09071792821482211,1.0000000000000002,2.220446049250313e-14
263,15,0.09071792821482212,0.09071792821482211,1.0000000000000002,2.220446049250313e-14
264,15,0.09071792821482211,0.09071792821482211,1.0,0.0
265,15,0.09071792821482212,0.09071792821482211,1.0000000000000002,2.220446049250313e-14
266,15,0.09071792821482212,0.09071792821482211,1.0000000000000002,2.220446049250313e-14
267,15,0.09071792821482212,0.09071792821482211,1.0000000000000002,2.220446049250313e-14
268,15,0.09071792821482212,0.09071792821482211,1.0000000000000002,2.220446049250313e-14
269,15,0.09071792821482212,0.09071792821482211,1.0000000000000002,2.220446049250313e-14
270,15,0.09071792821482212,0.09071792821482211,1.0000000000000002,2.220446049250313e-14
271,15,0.09071792821482212,0.09071792821482211,1.0000000000000002,2.220446049250313e-14
272,15,0.09071792821482212,0.09071792821482211,1.0000000000000002,2.220446049250313e-14
273,15,0.09071792821482212,0.09071792821482211,1.0000000000000002,2.220446049250313e-14
274,15,0.09071792821482212,0.09071792821482211,1.0000000000000002,2.220446049250313e-14
275,15,0.09071792821482212,0.09071792821482211,1.0000000000000002,2.220446049250313e-14
276,15,0.09071792821482212,0.09071792821482211,1.0000000000000002,2.220446049250313e-14
277,15,0.09071792821482212,0.09071792821482211,1.0000000000000002,2.220446049250313e-14
278,15,0.09071792821482212,0.09071792821482211,1.0000000000000002,2.220446049250313e-14
279,15,0.09071792821482212,0.09071792821482211,1.0000000000000002,2.220446049250313e-14
280,15,0.09071792821482212,0.09071792821482211,1.0000000000000002,2.220446049250313e-14
281,15,0.09071792821482212,0.09071792821482211,1.0000000000000002,2.220446049250313e-14
282,15,0.09071792821482212,0.09071792821482211,1.0000000000000002,2.220446049250313e-14
283,15,0.09071792821482212,0.09071792821482211,1.0000000000000002,2.220446049250313e-14
284,15,0.09071792821482212,0.09071792821482211,1.0000000000000002,2.220446049250313e-14
285,15,0.09071792821482212,0.09071792821482211,1.0000000000000002,2.220446049250313e-14
286,15,0.09071792821482212,0.09071792821482211,1.0000000000000002,2.220446049250313e-14
287,15,0.09071792821482212,0.09071792821482211,1.0000000000000002,2.220446049250313e-14
288,15,0.09071792821482211,0.09071792821482211,1.0,0.0
289,15,0.09071792821482212,0.09071792821482211,1.0000000000000002,2.220446049250313e-14
290,15,0.09071792821482212,0.09071792821482211,1.0000000000000002,2.220446049250313e-14
291,15,0.09071792821482212,0.09071792821482211,1.0000000000000002,2.220446049250313e-14
292,15,0.09071792821482212,0.09071792821482211,1.0000000000000002,2.220446049250313e-14
293,15,0.09071792821482212,0.09071792821482211,1.0000000000000002,2.220446049250313e-14
294,15,0.09071792821482212,0.09071792821482211,1.0000000000000002,2.220446049250313e-14
295,15,0.09071792821482212,0.09071792821482211,1.0000000000000002,2.220446049250313e-14
296,15,0.09071792821482211,0.09071792821482211,1.0,0.0
297,15,0.09071792821482211,0.09071792821482211,1.0,0.0
298,15,0.09071792821482212,0.09071792821482211,1.0000000000000002,2.220446049250313e-14
299,15,0.09071792821482212,0.09071792821482211,1.0000000000000002,2.220446049250313e-14
300,15,0.09071792821482212,0.09071792821482211,1.0000000000000002,2.220446049250313e-14
301,15,0.09071792821482211,0.09071792821482211,1.0,0.0
302,15,0.09071792821482212,0.09071792821482211,1.0000000000000002,2.220446049250313e-14
303,15,0.09071792821482212,0.09071792821482211,1.0000000000000002,2.220446049250313e-14
304,15,0.09071792821482212,0.09071792821482211,1.0000000000000002,2.220446049250313e-14
305,15,0.09071792821482212,0.09071792821482211,1.0000000000000002,2.220446049250313e-14
306,15,0.09071792821482212,0.09071792821482211,1.0000000000000002,2.220446049250313e-14
307,15,0.09071792821482212,0.09071792821482211,1.0000000000000002,2.220446049250313e-14
308,15,0.09071792821482212,0.09071792821482211,1.0000000000000002,2.220446049250313e-14
309,15,0.09071792821482212,0.09071792821482211,1.0000000000000002,2.220446049250313e-14
310,15,0.09071792821482211,0.09071792821482211,1.0,0.0
311,15,0.09071792821482212,0.09071792821482211,1.0000000000000002,2.220446049250313e-14
312,15,0.09071792821482212,0.09071792821482211,1.0000000000000002,2.220446049250313e-14
313,15,0.09071792821482211,0.09071792821482211,1.0,0.0
314,15,0.09071792821482211,0.09071792821482211,1.0,0.0
315,15,0.09071792821482212,0.09071792821482211,1.0000000000000002,2.220446049250313e-14
316,15,0.09071792821482212,0.09071792821482211,1.0000000000000002,2.220446049250313e-14
317,15,0.09071792821482211,0.09071792821482211,1.0,0.0
318,15,0.09071792821482212,0.09071792821482211,1.0000000000000002,2.220446049250313e-14
319,15,0.09071792821482212,0.09071792821482211,1.0000000000000002,2.220446049250313e-14
320,15,0.09071792821482211,0.09071792821482211,1.0,0.0
321,15,0.09071792821482212,0.09071792821482211,1.0000000000000002,2.220446049250313e-14
322,15,0.09071792821482212,0.09071792821482211,1.0000000000000002,2.220446049250313e-14
323,15,0.09071792821482212,0.09071792821482211,1.0000000000000002,2.220446049250313e-14
324,15,0.09071792821482212,0.09071792821482211,1.0000000000000002,2.220446049250313e-14
325,15,0.09071792821482212,0.09071792821482211,1.0000000000000002,2.220446049250313e-14
326,15,0.09071792821482212,0.09071792821482211,1.0000000000000002,2.220446049250313e-14
327,15,0.09071792821482212,0.09071792821482211,1.0000000000000002,2.220446049250313e-14
328,15,0.09071792821482212,0.09071792821482211,1.0000000000000002,2.220446049250313e-14
329,15,0.09071792821482212,0.09071792821482211,1.0000000000000002,2.220446049250313e-14
330,15,0.09071792821482211,0.09071792821482211,1.0,0.0
331,15,0.09071792821482212,0.09071792821482211,1.0000000000000002,2.220446049250313e-14
332,15,0.09071792821482212,0.09071792821482211,1.0000000000000002,2.220446049250313e-14
333,15,0.09071792821482212,0.09071792821482211,1.0000000000000002,2.220446049250313e-14
334,15,0.09071792821482212,0.09071792821482211,1.0000000000000002,2.220446049250313e-14
335,15,0.09071792821482212,0.09071792821482211,1.0000000000000002,2.220446049250313e-14
336,15,0.09071792821482212,0.09071792821482211,1.0000000000000002,2.220446049250313e-14
337,15,0.09071792821482212,0.09071792821482211,1.0000000000000002,2.220446049250313e-14
338,15,0.09071792821482212,0.09071792821482211,1.0000000000000002,2.220446049250313e-14
339,15,0.09071792821482212,0.09071792821482211,1.0000000000000002,2.220446049250313e-14
340,15,0.09071792821482212,0.09071792821482211,1.0000000000000002,2.220446049250313e-14
341,15,0.09071792821482212,0.09071792821482211,1.0000000000000002,2.220446049250313e-14
342,15,0.09071792821482212,0.09071792821482211,1.0000000000000002,2.220446049250313e-14
343,15,0.09071792821482212,0.09071792821482211,1.0000000000000002,2.220446049250313e-14
344,15,0.09071792821482211,0.09071792821482211,1.0,0.0
345,15,0.09071792821482212,0.09071792821482211,1.0000000000000002,2.220446049250313e-14
346,15,0.09071792821482211,0.09071792821482211,1.0,0.0
347,15,0.09071792821482212,0.09071792821482211,1.0000000000000002,2.220446049250313e-14
348,15,0.09071792821482212,0.09071792821482211,1.0000000000000002,2.220446049250313e-14
349,15,0.09071792821482211,0.09071792821482211,1.0,0.0
350,15,0.09071792821482212,0.09071792821482211,1.0000000000000002,2.220446049250313e-14
351,15,0.09071792821482212,0.09071792821482211,1.0000000000000002,2.220446049250313e-14
352,15,0.09071792821482211,0.09071792821482211,1.0,0.0
353,15,0.09071792821482211,0.09071792821482211,1.0,0.0
354,15,0.09071792821482212,0.09071792821482211,1.0000000000000002,2.220446049250313e-14
355,15,0.09071792821482212,0.09071792821482211,1.0000000000000002,2.220446049250313e-14
356,15,0.09071792821482212,0.09071792821482211,1.0000000000000002,2.220446049250313e-14
357,15,0.09071792821482212,0.09071792821482211,1.0000000000000002,2.220446049250313e-14
358,15,0.09071792821482212,0.09071792821482211,1.0000000000000002,2.220446049250313e-14
359,15,0.09071792821482212,0.09071792821482211,1.0000000000000002,2.220446049250313e-14
360,15,0.09071792821482212,0.09071792821482211,1.0000000000000002,2.220446049250313e-14
361,15,0.09071792821482212,0.09071792821482211,1.0000000000000002,2.220446049250313e-14
362,15,0.09071792821482212,0.09071792821482211,1.0000000000000002,2.220446049250313e-14
363,15,0.09071792821482212,0.09071792821482211,1.0000000000000002,2.220446049250313e-14
364,15,0.09071792821482212,0.09071792821482211,1.0000000000000002,2.220446049250313e-14
365,15,0.09071792821482212,0.09071792821482211,1.0000000000000002,2.220446049250313e-14
366,15,0.09071792821482212,0.09071792821482211,1.0000000000000002,2.220446049250313e-14
367,15,0.09071792821482212,0.09071792821482211,1.0000000000000002,2.220446049250313e-14
368,15,0.09071792821482212,0.09071792821482211,1.0000000000000002,2.220446049250313e-14
369,15,0.09071792821482212,0.09071792821482211,1.0000000000000002,2.220446049250313e-14
370,15,0.09071792821482212,0.09071792821482211,1.0000000000000002,2.220446049250313e-14
371,15,0.09071792821482212,0.09071792821482211,1.0000000000000002,2.220446049250313e-14
372,15,0.09071792821482212,0.09071792821482211,1.0000000000000002,2.220446049250313e-14
373,15,0.09071792821482211,0.09071792821482211,1.0,0.0
374,15,0.09071792821482212,0.09071792821482211,1.0000000000000002,2.220446049250313e-14
375,15,0.09071792821482212,0.09071792821482211,1.0000000000000002,2.220446049250313e-14
376,15,0.09071792821482212,0.09071792821482211,1.0000000000000002,2.220446049250313e-14
377,15,0.09071792821482211,0.09071792821482211,1.0,0.0
378,15,0.09071792821482212,0.09071792821482211,1.0000000000000002,2.220446049250313e-14
379,15,0.09071792821482211,0.09071792821482211,1.0,0.0
380,15,0.09071792821482212,0.09071792821482211,1.0000000000000002,2.220446049250313e-14
381,15,0.09071792821482212,0.09071792821482211,1.0000000000000002,2.220446049250313e-14
382,15,0.09071792821482212,0.09071792821482211,1.0000000000000002,2.220446049250313e-14
383,15,0.09071792821482212,0.09071792821482211,1.0000000000000002,2.220446049250313e-14
384,15,0.09071792821482212,0.09071792821482211,1.0000000000000002,2.220446049250313e-14
385,15,0.09071792821482211,0.09071792821482211,1.0,0.0
386,15,0.09071792821482212,0.09071792821482211,1.0000000000000002,2.220446049250313e-14
387,15,0.09071792821482212,0.09071792821482211,1.0000000000000002,2.220446049250313e-14
388,15,0.09071792821482212,0.09071792821482211,1.0000000000000002,2.220446049250313e-14
389,15,0.09071792821482212,0.09071792821482211,1.0000000000000002,2.220446049250313e-14
390,15,0.09071792821482211,0.09071792821482211,1.0,0.0
391,15,0.09071792821482212,0.09071792821482211,1.0000000000000002,2.220446049250313e-14
392,15,0.09071792821482212,0.09071792821482211,1.0000000000000002,2.220446049250313e-14
393,15,0.09071792821482212,0.09071792821482211,1.0000000000000002,2.220446049250313e-14
394,15,0.09071792821482211,0.09071792821482211,1.0,0.0
395,15,0.09071792821482212,0.09071792821482211,1.0000000000000002,2.220446049250313e-14
396,15,0.09071792821482212,0.09071792821482211,1.0000000000000002,2.220446049250313e-14
397,15,0.09071792821482212,0.09071792821482211,1.0000000000000002,2.220446049250313e-14
398,15,0.09071792821482211,0.09071792821482211,1.0,0.0
399,15,0.09071792821482212,0.09071792821482211,1.0000000000000002,2.220446049250313e-14
400,15,0.09071792821482212,0.09071792821482211,1.0000000000000002,2.220446049250313e-14
401,15,0.09071792821482212,0.09071792821482211,1.0000000000000002,2.220446049250313e-14
402,15,0.09071792821482212,0.09071792821482211,1.0000000000000002,2.220446049250313e-14
403,15,0.09071792821482212,0.09071792821482211,1.0000000000000002,2.220446049250313e-14
404,15,0.09071792821482211,0.09071792821482211,1.0,0.0
405,15,0.09071792821482212,0.09071792821482211,1.0000000000000002,2.220446049250313e-14
406,15,0.09071792821482211,0.09071792821482211,1.0,0.0
407,15,0.09071792821482212,0.09071792821482211,1.0000000000000002,2.220446049250313e-14
408,15,0.09071792821482211,0.09071792821482211,1.0,0.0
409,15,0.09071792821482212,0.09071792821482211,1.0000000000000002,2.220446049250313e-14
410,15,0.09071792821482212,0.09071792821482211,1.0000000000000002,2.220446049250313e-14
411,15,0.09071792821482212,0.09071792821482211,1.0000000000000002,2.220446049250313e-14
412,15,0.09071792821482212,0.09071792821482211,1.0000000000000002,2.220446049250313e-14
413,15,0.09071792821482212,0.09071792821482211,1.0000000000000002,2.220446049250313e-14
414,15,0.09071792821482211,0.09071792821482211,1.0,0.0
415,15,0.09071792821482212,0.09071792821482211,1.0000000000000002,2.220446049250313e-14
416,15,0.09071792821482212,0.09071792821482211,1.0000000000000002,2.220446049250313e-14
417,15,0.09071792821482211,0.09071792821482211,1.0,0.0
418,15,0.09071792821482211,0.09071792821482211,1.0,0.0
419,15,0.09071792821482212,0.09071792821482211,1.0000000000000002,2.220446049250313e-14
420,15,0.09071792821482212,0.09071792821482211,1.0000000000000002,2.220446049250313e-14
421,15,0.09071792821482212,0.09071792821482211,1.0000000000000002,2.220446049250313e-14
422,15,0.09071792821482212,0.09071792821482211,1.0000000000000002,2.220446049250313e-14
423,15,0.09071792821482212,0.09071792821482211,1.0000000000000002,2.220446049250313e-14
424,15,0.09071792821482212,0.09071792821482211,1.0000000000000002,2.220446049250313e-14
425,15,0.09071792821482211,0.09071792821482211,1.0,0.0
426,15,0.09071792821482212,0.09071792821482211,1.0000000000000002,2.220446049250313e-14
427,15,0.09071792821482211,0.09071792821482211,1.0,0.0
428,15,0.09071792821482211,0.09071792821482211,1.0,0.0
429,15,0.09071792821482212,0.09071792821482211,1.0000000000000002,2.220446049250313e-14
430,15,0.09071792821482212,0.09071792821482211,1.0000000000000002,2.220446049250313e-14
431,15,0.09071792821482212,0.09071792821482211,1.0000000000000002,2.220446049250313e-14
432,15,0.09071792821482212,0.09071792821482211,1.0000000000000002,2.220446049250313e-14
433,15,0.09071792821482212,0.09071792821482211,1.0000000000000002,2.220446049250313e-14
434,15,0.09071792821482212,0.09071792821482211,1.0000000000000002,2.220446049250313e-14
435,15,0.09071792821482212,0.09071792821482211,1.0000000000000002,2.220446049250313e-14
436,15,0.09071792821482212,0.09071792821482211,1.0000000000000002,2.220446049250313e-14
437,15,0.09071792821482212,0.09071792821482211,1.0000000000000002,2.220446049250313e-14
438,15,0.09071792821482211,0.09071792821482211,1.0,0.0
439,15,0.09071792821482212,0.09071792821482211,1.0000000000000002,2.220446049250313e-14
440,15,0.09071792821482212,0.09071792821482211,1.0000000000000002,2.220446049250313e-14
441,15,0.09071792821482212,0.09071792821482211,1.0000000000000002,2.220446049250313e-14
442,15,0.09071792821482212,0.09071792821482211,1.0000000000000002,2.220446049250313e-14
443,15,0.09071792821482212,0.09071792821482211,1.0000000000000002,2.220446049250313e-14
444,15,0.09071792821482212,0.09071792821482211,1.0000000000000002,2.220446049250313e-14
445,15,0.09071792821482212,0.09071792821482211,1.0000000000000002,2.220446049250313e-14
446,15,0.09071792821482212,0.09071792821482211,1.0000000000000002,2.220446049250313e-14
447,15,0.09071792821482212,0.09071792821482211,1.0000000000000002,2.220446049250313e-14
448,15,0.09071792821482211,0.09071792821482211,1.0,0.0
449,15,0.09071792821482211,0.09071792821482211,1.0,0.0
450,15,0.09071792821482212,0.09071792821482211,1.0000000000000002,2.220446049250313e-14
451,15,0.09071792821482212,0.09071792821482211,1.0000000000000002,2.220446049250313e-14
452,15,0.09071792821482211,0.09071792821482211,1.0,0.0
453,15,0.09071792821482212,0.09071792821482211,1.0000000000000002,2.220446049250313e-14
454,15,0.09071792821482212,0.09071792821482211,1.0000000000000002,2.220446049250313e-14
455,15,0.09071792821482212,0.09071792821482211,1.0000000000000002,2.220446049250313e-14
456,15,0.09071792821482212,0.09071792821482211,1.0000000000000002,2.220446049250313e-14
457,15,0.09071792821482211,0.09071792821482211,1.0,0.0
458,15,0.09071792821482211,0.09071792821482211,1.0,0.0
459,15,0.09071792821482212,0.09071792821482211,1.0000000000000002,2.220446049250313e-14
460,15,0.09071792821482211,0.09071792821482211,1.0,0.0
461,15,0.09071792821482212,0.09071792821482211,1.0000000000000002,2.220446049250313e-14
462,15,0.09071792821482212,0.09071792821482211,1.0000000000000002,2.220446049250313e-14
463,15,0.09071792821482212,0.09071792821482211,1.0000000000000002,2.220446049250313e-14
464,15,0.09071792821482212,0.09071792821482211,1.0000000000000002,2.220446049250313e-14
465,15,0.09071792821482212,0.09071792821482211,1.0000000000000002,2.220446049250313e-14
466,15,0.09071792821482212,0.09071792821482211,1.0000000000000002,2.220446049250313e-14
467,15,0.09071792821482212,0.09071792821482211,1.0000000000000002,2.220446049250313e-14
468,15,0.09071792821482212,0.09071792821482211,1.0000000000000002,2.220446049250313e-14
469,15,0.09071792821482212,0.09071792821482211,1.0000000000000002,2.220446049250313e-14
470,15,0.09071792821482212,0.09071792821482211,1.0000000000000002,2.220446049250313e-14
471,15,0.09071792821482212,0.09071792821482211,1.0000000000000002,2.220446049250313e-14
472,15,0.09071792821482212,0.09071792821482211,1.0000000000000002,2.220446049250313e-14
473,15,0.09071792821482211,0.09071792821482211,1.0,0.0
474,15,0.09071792821482212,0.09071792821482211,1.0000000000000002,2.220446049250313e-14
475,15,0.09071792821482211,0.09071792821482211,1.0,0.0
476,15,0.09071792821482212,0.09071792821482211,1.0000000000000002,2.220446049250313e-14
477,15,0.09071792821482212,0.09071792821482211,1.0000000000000002,2.220446049250313e-14
478,15,0.09071792821482212,0.09071792821482211,1.0000000000000002,2.220446049250313e-14
479,15,0.09071792821482212,0.09071792821482211,1.0000000000000002,2.220446049250313e-14
480,15,0.09071792821482212,0.09071792821482211,1.0000000000000002,2.220446049250313e-14
481,15,0.09071792821482211,0.09071792821482211,1.0,0.0
482,15,0.09071792821482212,0.09071792821482211,1.0000000000000002,2.220446049250313e-14
483,15,0.09071792821482212,0.09071792821482211,1.0000000000000002,2.220446049250313e-14
484,15,0.09071792821482211,0.09071792821482211,1.0,0.0
485,15,0.09071792821482212,0.09071792821482211,1.0000000000000002,2.220446049250313e-14
486,15,0.09071792821482211,0.09071792821482211,1.0,0.0
487,15,0.09071792821482212,0.09071792821482211,1.0000000000000002,2.220446049250313e-14
488,15,0.09071792821482212,0.09071792821482211,1.0000000000000002,2.220446049250313e-14
489,15,0.09071792821482212,0.09071792821482211,1.0000000000000002,2.220446049250313e-14
490,15,0.09071792821482212,0.09071792821482211,1.0000000000000002,2.220446049250313e-14
491,15,0.09071792821482211,0.09071792821482211,1.0,0.0
492,15,0.09071792821482212,0.09071792821482211,1.0000000000000002,2.220446049250313e-14
493,15,0.09071792821482212,0.09071792821482211,1.0000000000000002,2.220446049250313e-14
494,15,0.09071792821482211,0.09071792821482211,1.0,0.0
495,15,0.09071792821482211,0.09071792821482211,1.0,0.0
496,15,0.09071792821482212,0.09071792821482211,1.0000000000000002,2.220446049250313e-14
497,15,0.09071792821482211,0.09071792821482211,1.0,0.0
498,15,0.09071792821482211,0.09071792821482211,1.0,0.0
499,15,0.09071792821482212,0.09071792821482211,1.0000000000000002,2.220446049250313e-14
